bin	rank	record_index	identity	mutation_count	sequence	backbone_pdb	geometry_status	global_sequence_cosine_to_ref	global_structure_cosine_to_ref	pocket_5A_sequence_cosine_to_ref	pocket_5A_structure_cosine_to_ref	shell_5_12A_sequence_cosine_to_ref	shell_5_12A_structure_cosine_to_ref	candidate_seq_structure_cosine_global	source_dir
90	1	1	0.9125	14	TPDEARVREVEEETRRLAREFGKAFAPRFRAALDARDPAGLRDTLRALWTQVESALRQTVITDVPTVIALQRAAGVEITEEQAQAFLDNYDLAAHTERVTREAFALAREAAAVGATLDELIAAAPSGSVRLFFHVVEVMLELVDADWAAVLPLLAEAAAL	/Dell/Dell14/bianht/project01_similarity_phase1_20260630/bin90_t002_seed9102_redesign50/backbones/denovo_SER_hydrolase_full_input_1.pdb	pass	0.9901086091995239	0.9851704835891724	1.000000238418579	0.9571061730384827	0.9416457414627075	0.9759590029716492	0.4219074547290802	/Dell/Dell14/bianht/project01_similarity_phase1_20260630/bin90_t002_seed9102_redesign50
90	2	3	0.90625	15	SPDEARVREVEEETRRLAREFGKAFAPRFRAALDARDPAGLRDTLRALWTQVESALRQTVITDVPTVIALQRAAGVEITEEQAQAFLDNYDLAAHTERVTREAFALAREAAAVGATLDELIAAAPSGSVRLFFHVVEVMLELVDADWAAVLPLLAEAAAL	/Dell/Dell14/bianht/project01_similarity_phase1_20260630/bin90_t002_seed9102_redesign50/backbones/denovo_SER_hydrolase_full_input_3.pdb	pass	0.9889845848083496	0.9851704835891724	1.000000238418579	0.9571061730384827	0.9416457414627075	0.9759590029716492	0.42482680082321167	/Dell/Dell14/bianht/project01_similarity_phase1_20260630/bin90_t002_seed9102_redesign50
90	3	4	0.925	12	TPDEARVREVEEETRRLAREFGKAFAPRFRAALDARDPAGLRDTLRALWRQVESALRQTVITDVPTVIALQRAAGVEITEEQAQAFLDNYDLDAHTERVTREAFALAREAAAVGATLDELIAAAPSGSVRLFFHVVEVMLELVDADWAAVLPLLAEAAAL	/Dell/Dell14/bianht/project01_similarity_phase1_20260630/bin90_t002_seed9102_redesign50/backbones/denovo_SER_hydrolase_full_input_4.pdb	pass	0.9911794662475586	0.9851704835891724	1.000000238418579	0.9571061730384827	0.9642513990402222	0.9759590029716492	0.4151454567909241	/Dell/Dell14/bianht/project01_similarity_phase1_20260630/bin90_t002_seed9102_redesign50
90	4	5	0.90625	15	TPDEARVREVEEETRRLAREFGKAFAPRFRAALDARDPAGLRDTLRALWTQVESALRQTVITDVPTVIALQRAAGVEITEEQAQAFLDNYDLAAHTERVTREAFALAREAAAVGATLDEMIAAAPSGSVRLFFHVVEVMLELVDADWAAVLPLLAEAAAL	/Dell/Dell14/bianht/project01_similarity_phase1_20260630/bin90_t002_seed9102_redesign50/backbones/denovo_SER_hydrolase_full_input_5.pdb	pass	0.9897555708885193	0.9851704835891724	1.000000238418579	0.9571061730384827	0.9416457414627075	0.9759590029716492	0.42536619305610657	/Dell/Dell14/bianht/project01_similarity_phase1_20260630/bin90_t002_seed9102_redesign50
90	5	6	0.9125	14	TPDEARVREVEEETRRLAREHGKAFAPRFRAALDARDPAGLRDTLRALWTQVESALRQTVITDVPTVIALQRAAGVEITEEQAQAFLDNYDLAAHTERVTREAFALAREAAAVGATLDELIAAAPSGSVRLFFLVVEVMLELVDADWAAVLPLLAEAAAL	/Dell/Dell14/bianht/project01_similarity_phase1_20260630/bin90_t002_seed9102_redesign50/backbones/denovo_SER_hydrolase_full_input_6.pdb	pass	0.9902217984199524	0.9851704835891724	1.000000238418579	0.9571061730384827	0.9439003467559814	0.9759590029716492	0.41706517338752747	/Dell/Dell14/bianht/project01_similarity_phase1_20260630/bin90_t002_seed9102_redesign50
90	6	7	0.9	16	TPDEARVREVEEETVRLAREFGKAFAPRFRAALDARDPAGLRDTLRALWTQVESALRQTVITDVPTVIALQRAAGVEITEEQAQAFLDNYDLAAHTERVTREAFALAREAAAVGATLDELIAAAPSGSVRLFFHVVRVMLELVDADWAAVLPLLAEAAAL	/Dell/Dell14/bianht/project01_similarity_phase1_20260630/bin90_t002_seed9102_redesign50/backbones/denovo_SER_hydrolase_full_input_7.pdb	pass	0.9871149659156799	0.9851704835891724	1.000000238418579	0.9571061730384827	0.9416457414627075	0.9759590029716492	0.4220491647720337	/Dell/Dell14/bianht/project01_similarity_phase1_20260630/bin90_t002_seed9102_redesign50
90	7	8	0.89375	17	SPDEARVREVEEETVRLAREFGKAFAPRFRAALDARDPAGLRDTLRALWTQVESALRQTVITDVPTVIALQRAAGVEITEEQAQAFLDNYDLAAHTERVTREAFALAREAAAVGATLDELIAAAPSGSVRLFFHVVKVMLELVDADWAAVLPLLAEAAAL	/Dell/Dell14/bianht/project01_similarity_phase1_20260630/bin90_t002_seed9102_redesign50/backbones/denovo_SER_hydrolase_full_input_8.pdb	pass	0.9866722226142883	0.9851704835891724	1.000000238418579	0.9571061730384827	0.9416457414627075	0.9759590029716492	0.4174491763114929	/Dell/Dell14/bianht/project01_similarity_phase1_20260630/bin90_t002_seed9102_redesign50
90	8	9	0.9125	14	SPDEARVREVEEETRRLAREFGKAFAPRFRAALDARDPAGLRDTLRALWTQVESALRQTVITDVPTVIALQRAAGVEITEEQAQAFLDNYDLAAHTERVTREAFALAREAAAVGATLDELIAAAPSGSVRLFFLVVEVMLELVDADWAAVLPLLAEAAAL	/Dell/Dell14/bianht/project01_similarity_phase1_20260630/bin90_t002_seed9102_redesign50/backbones/denovo_SER_hydrolase_full_input_9.pdb	pass	0.9902759194374084	0.9851704835891724	1.000000238418579	0.9571061730384827	0.9439003467559814	0.9759590029716492	0.4245389699935913	/Dell/Dell14/bianht/project01_similarity_phase1_20260630/bin90_t002_seed9102_redesign50
90	9	10	0.90625	15	TPDEARVREVEEETVRLAREHGKAFAPRFRAALDARDPAGLRDTLRALWRQVESALRQTVITDVPTVIALQRAAGVEITEEQAQAFLDNYDLDAHTERVTREAFALAREAAAVGATLDELIAAAPSGSVRLFFHVVRVMLELVDADWAAVLPLLAEAAAL	/Dell/Dell14/bianht/project01_similarity_phase1_20260630/bin90_t002_seed9102_redesign50/backbones/denovo_SER_hydrolase_full_input_10.pdb	pass	0.9850505590438843	0.9851704835891724	1.000000238418579	0.9571061730384827	0.9642513990402222	0.9759590029716492	0.41033172607421875	/Dell/Dell14/bianht/project01_similarity_phase1_20260630/bin90_t002_seed9102_redesign50
90	10	13	0.89375	17	SPDEARVREVEEETVRLAREFGKAFAPRFRAALDARDPAGLRDTLRALWTQVESALRQTVITDVPTVIALQRAAGVEITEEQAQAFLDNYDLAAHTERVTREAFALAREAAAVGATLDELIAAAPSGSVRLFFHVVRVMLELVDADWAAVLPLLAEAAAL	/Dell/Dell14/bianht/project01_similarity_phase1_20260630/bin90_t002_seed9102_redesign50/backbones/denovo_SER_hydrolase_full_input_13.pdb	pass	0.9863927364349365	0.9851704835891724	1.000000238418579	0.9571061730384827	0.9416457414627075	0.9759590029716492	0.4245794713497162	/Dell/Dell14/bianht/project01_similarity_phase1_20260630/bin90_t002_seed9102_redesign50
80	1	2	0.79375	33	SADEARVAEVEAETRRLAREFGQAYAPAFRAALDARDPAGLRDTLRALWRDVEAALRETVITDVPTVIALQKAAGVTITEAQAQAFLDNYDLDAHVERVTAEAFALAAEAARTGASIDELIAAAPSGSVRLFFHVLEVMLELVDADWADVLPLLAAAARL	/Dell/Dell14/bianht/project01_similarity_phase1_20260630/bin80_t002_seed8102_redesign100/backbones/denovo_SER_hydrolase_full_input_2.pdb	pass	0.9813153147697449	0.9851704835891724	1.000000238418579	0.9571061730384827	0.9716113209724426	0.9759590029716492	0.435762882232666	/Dell/Dell14/bianht/project01_similarity_phase1_20260630/bin80_t002_seed8102_redesign100
80	2	3	0.8	32	SADEARVAEVEAETRRLAREFGAAHAPAFRAALDARDPAGLRDTLRALWREVDRALRETVITDVPTVIALQKAAGVTITEEQAQAFLDNYDLDAHVERVTAEAFALAAEAARTGASIDELIAAAPSGSVRLFFLVLEEMLELVDAAWADVLPLLAAAARL	/Dell/Dell14/bianht/project01_similarity_phase1_20260630/bin80_t002_seed8102_redesign100/backbones/denovo_SER_hydrolase_full_input_3.pdb	pass	0.9760292768478394	0.9851704835891724	1.000000238418579	0.9571061730384827	0.9570856690406799	0.9759590029716492	0.42450615763664246	/Dell/Dell14/bianht/project01_similarity_phase1_20260630/bin80_t002_seed8102_redesign100
80	3	4	0.81875	29	SPDEERVAEVEAETRRLAREFGARYAPAFRAALDARDPAGLRDTLRALWREVDAALRETVITDVPTVIALQKAAGVEITEEQAQAFLDNYDLDAHVERVTAEAFALAERAARTGASIDELIAAAPSGSVRLFFLVVEEMLELVDAAWADVLPLLAAAARL	/Dell/Dell14/bianht/project01_similarity_phase1_20260630/bin80_t002_seed8102_redesign100/backbones/denovo_SER_hydrolase_full_input_4.pdb	pass	0.9778156280517578	0.9851704835891724	1.000000238418579	0.9571061730384827	0.9665658473968506	0.9759590029716492	0.4210454523563385	/Dell/Dell14/bianht/project01_similarity_phase1_20260630/bin80_t002_seed8102_redesign100
80	4	5	0.8125	30	TPDEERVAEVEAETRRLAREFGQAYAPAFRAALDARDPAGLRDTLRALWRDVEAALRETVITDVPTVIALQKAAGVEITEEQAQAFLDNYDLDAHVERVTAEAFALAERAARTGASIDELIAAAPSGSVRLFFLVLEEMLELVDAAWADVLPLLAAAARL	/Dell/Dell14/bianht/project01_similarity_phase1_20260630/bin80_t002_seed8102_redesign100/backbones/denovo_SER_hydrolase_full_input_5.pdb	pass	0.9804021716117859	0.9851704835891724	1.000000238418579	0.9571061730384827	0.9574516415596008	0.9759590029716492	0.43395018577575684	/Dell/Dell14/bianht/project01_similarity_phase1_20260630/bin80_t002_seed8102_redesign100
80	5	7	0.8	32	SADEERVAEVEAETRRLAREFGVAYAPAFRAALDARDPAGLRDTLRALWRDVEAALRETVITDVPTVIALQKAAGVEITEEQAQAFLDNYDLDAHVERVTAEAFALAAEAARTGASIDELIAAAPSGSVRLFFHVVEVMLELVDAAWADVLPLLAAAARL	/Dell/Dell14/bianht/project01_similarity_phase1_20260630/bin80_t002_seed8102_redesign100/backbones/denovo_SER_hydrolase_full_input_7.pdb	pass	0.9705111980438232	0.9851704835891724	1.000000238418579	0.9571061730384827	0.9350646734237671	0.9759590029716492	0.43566274642944336	/Dell/Dell14/bianht/project01_similarity_phase1_20260630/bin80_t002_seed8102_redesign100
80	6	9	0.81875	29	TPDEERVAEVEAETRRLAREFGAAYAPAFRAAFDARDPAGLRDTLRALWRDVEAALRETVITDVPTVIALQKAAGVTITEAQAQAFLDNYDLDAHVERVTAEAFALAARAAETGASIDELKAAAPSGSVRLFFVVVEVMLELVDADWADVLPLLAAAAEL	/Dell/Dell14/bianht/project01_similarity_phase1_20260630/bin80_t002_seed8102_redesign100/backbones/denovo_SER_hydrolase_full_input_9.pdb	pass	0.9795204401016235	0.9851704835891724	1.000000238418579	0.9571061730384827	0.9766066074371338	0.9759590029716492	0.455890953540802	/Dell/Dell14/bianht/project01_similarity_phase1_20260630/bin80_t002_seed8102_redesign100
80	7	10	0.81875	29	TPDEARVAEVEAETRRLAREFGAAHAPAFRAALDARDPAGLRDTLRALWREVEAALRETVITDVPTVIALQRAAGVEITEAQAQAFLDNYDLDAHVERVTAEAFALAERAARTGASIAELIAAAPSGSVRLFFLVLEEMLELVDAAWADVLPLLAEAARL	/Dell/Dell14/bianht/project01_similarity_phase1_20260630/bin80_t002_seed8102_redesign100/backbones/denovo_SER_hydrolase_full_input_10.pdb	pass	0.9764814972877502	0.9851704835891724	1.000000238418579	0.9571061730384827	0.9576452970504761	0.9759590029716492	0.412866473197937	/Dell/Dell14/bianht/project01_similarity_phase1_20260630/bin80_t002_seed8102_redesign100
80	8	11	0.79375	33	SPDEARVAEVEAETRRLAREFGQRHAPAFRAALDARDPAGLRDTLRALWREVEAALRETVITDVPTVIALQKAAGVTITEEQAQAFLDTYDLDAHVERVTAEAFALAAEAARTGASIAELIAAAPSGSVRLFFHVLEVMLELVDAAWADVLPLLAEAARL	/Dell/Dell14/bianht/project01_similarity_phase1_20260630/bin80_t002_seed8102_redesign100/backbones/denovo_SER_hydrolase_full_input_11.pdb	pass	0.9769365787506104	0.9851704835891724	1.000000238418579	0.9571061730384827	0.9351333975791931	0.9759590029716492	0.4271428883075714	/Dell/Dell14/bianht/project01_similarity_phase1_20260630/bin80_t002_seed8102_redesign100
80	9	12	0.78125	35	SADEARVAEVEAETRRLAREFGQAYAPAFRAALDARDPAGLRDTLRALWRDVEAALRETVITDVPTVIALQKAAGVTITEEQAAAFLANYDLDAHVERVTAEAFALAEEAARTGASIAELIAAAPSGSVRLFFLVLEEMLELVDAAWADVLPLLAEAARL	/Dell/Dell14/bianht/project01_similarity_phase1_20260630/bin80_t002_seed8102_redesign100/backbones/denovo_SER_hydrolase_full_input_12.pdb	pass	0.9754384756088257	0.9851704835891724	1.000000238418579	0.9571061730384827	0.9415775537490845	0.9759590029716492	0.4303661286830902	/Dell/Dell14/bianht/project01_similarity_phase1_20260630/bin80_t002_seed8102_redesign100
80	10	14	0.825	28	SPDEERVAEVEAETRRLAREFGRAYAPAFRAALDARDPAGLRDTLRALWRDVEAALRETVITDVPTVIALQKAAGVEITEEQAQAFLDNYDLDAHVERVTAEAFALAAEAARTGATIDELIAAAPSGSVRLFFLVVEEMLELVDADWADVLPLLAEAARL	/Dell/Dell14/bianht/project01_similarity_phase1_20260630/bin80_t002_seed8102_redesign100/backbones/denovo_SER_hydrolase_full_input_14.pdb	pass	0.9712000489234924	0.9851704835891724	1.000000238418579	0.9571061730384827	0.9320406913757324	0.9759590029716492	0.4493294060230255	/Dell/Dell14/bianht/project01_similarity_phase1_20260630/bin80_t002_seed8102_redesign100
70	1	1	0.725	44	SADEETVARVEARTRELARRHGQAYAPAFRAAFDARDPAGLRDTLTALWREVEAELRRTVITDVPTVIALQKAAGVTITEEQAQAFLDNYDLDAHVARVVAEALALAEEAARTGASLAELIAAAPSGSVRLFFLVVEVMLELVDARWEDVLPLLAEAARL	/Dell/Dell14/bianht/project01_similarity_phase1_20260630/bin70_combined_existing/backbones/denovo_SER_hydrolase_full_input_1.pdb	pass	0.977315366268158	0.9851704835891724	1.000000238418579	0.9571061730384827	0.9199533462524414	0.9759590029716492	0.4094025492668152	/Dell/Dell14/bianht/project01_similarity_phase1_20260630/bin70_combined_existing
70	2	2	0.71875	45	SADEETVARVEAETRRLARRHGEAHAPAFLAALRARDPAGLRATLTALWTEVERELRRTVITDVPTVIALQKAAGVTITEAQAQAFLDNYDLAAHTERVVAEALALAEEAARTGATLDELIAAAPSGSVRLFFLVVEVMLELVNAAWADVLPLLAAAARL	/Dell/Dell14/bianht/project01_similarity_phase1_20260630/bin70_combined_existing/backbones/denovo_SER_hydrolase_full_input_2.pdb	pass	0.9751829504966736	0.9851704835891724	1.000000238418579	0.9571061730384827	0.9445469379425049	0.9759590029716492	0.4197961986064911	/Dell/Dell14/bianht/project01_similarity_phase1_20260630/bin70_combined_existing
70	3	3	0.7125	46	SADEETVARVEARTRELARRHGVAHAPAFLAALNARDPAGLRATLTALWTEVEAELRRTVITDVPTVIALQKAAGVEITEEQAQAFLDNYDLAAHTARVVAEALALAEEAARTGATLDELIAAAPSGSVRLFFHVVEVMLELVDAAWADVLPLLAAAARL	/Dell/Dell14/bianht/project01_similarity_phase1_20260630/bin70_combined_existing/backbones/denovo_SER_hydrolase_full_input_3.pdb	pass	0.9567583799362183	0.9851704835891724	1.000000238418579	0.9571061730384827	0.8632320165634155	0.9759590029716492	0.40037858486175537	/Dell/Dell14/bianht/project01_similarity_phase1_20260630/bin70_combined_existing
70	4	4	0.71875	45	SADDATVKRVEDRTRELARRFGEAYAPAFLAALQARDPAGLRATLRALWREVEAELRRTVITDVPTVIALQKAAGVEITEEQAQAFLDNYDLDAHVDRVVAEALALAREAAETGASLEELIAAAPSGSVRLFFVVVEEMLKLVDAKWEDVLPLLAAAAEL	/Dell/Dell14/bianht/project01_similarity_phase1_20260630/bin70_combined_existing/backbones/denovo_SER_hydrolase_full_input_4.pdb	pass	0.9458032250404358	0.9851704835891724	1.000000238418579	0.9571061730384827	0.9288879036903381	0.9759590029716492	0.39449194073677063	/Dell/Dell14/bianht/project01_similarity_phase1_20260630/bin70_combined_existing
70	5	5	0.70625	47	SADEETVKRVEDRTRELARRYGQAYAPAFLAAFNAKDPAGLRATLTALWTEVDRELRETVITDVPTVIALQRAAGVEITEEQAQAFLDNYDLAAHTARVVAEALALAAEAARTGASLDELIAAAPSGSVRLFFLVVEEMLELTNQKWEDVLPLLAEAARL	/Dell/Dell14/bianht/project01_similarity_phase1_20260630/bin70_combined_existing/backbones/denovo_SER_hydrolase_full_input_5.pdb	pass	0.9518172144889832	0.9851704835891724	1.000000238418579	0.9571061730384827	0.8224554657936096	0.9759590029716492	0.4323440194129944	/Dell/Dell14/bianht/project01_similarity_phase1_20260630/bin70_combined_existing
70	6	6	0.7125	46	SPDDETVARVEARTRELARRHGQAYAPAFLAAFRARDPAGLRATLTALWTDVEAELRRTVITDVPTVIALQKAAGVEITEEQAQAFLDNYDLAAHTARVVAEALALAEEAARTGASLDELIAAAPSGSVRLFFLVLQEMLELVDAAWADVLPLLAEAARL	/Dell/Dell14/bianht/project01_similarity_phase1_20260630/bin70_combined_existing/backbones/denovo_SER_hydrolase_full_input_6.pdb	pass	0.9604123830795288	0.9851704835891724	1.000000238418579	0.9571061730384827	0.8327974081039429	0.9759590029716492	0.4128664433956146	/Dell/Dell14/bianht/project01_similarity_phase1_20260630/bin70_combined_existing
70	7	7	0.725	44	SADEETVKRVEDRTRELARKYGEAYAPAFRAALDARDPAGLRDTLTALWTEVERELRETVITDVPTVIALQKAAGVTITEAQAQAFLDNYDLDAHTARVVAEALALAEEAARTGATLDELIAAAPSGSVRLFFVVVEVMLELVDADWADVLPLLAAAARL	/Dell/Dell14/bianht/project01_similarity_phase1_20260630/bin70_combined_existing/backbones/denovo_SER_hydrolase_full_input_7.pdb	pass	0.9711440801620483	0.9851704835891724	1.000000238418579	0.9571061730384827	0.956840991973877	0.9759590029716492	0.44083863496780396	/Dell/Dell14/bianht/project01_similarity_phase1_20260630/bin70_combined_existing
70	8	8	0.7125	46	SADDETVKRVEDRTVELAREFGQAYAPAFLAALRARDPAGLRDTLTALWRDVEKRLRETVITDVPTVIALQKAAGVTITEEQAQAFLDNYDLDAHVARVVAEALALAEEAARTGASLDELIAAAPSGSVRLFFLVLKVMLELVDAAWADVLPLLAAAARL	/Dell/Dell14/bianht/project01_similarity_phase1_20260630/bin70_combined_existing/backbones/denovo_SER_hydrolase_full_input_8.pdb	pass	0.9471151232719421	0.9851704835891724	1.000000238418579	0.9571061730384827	0.9079140424728394	0.9759590029716492	0.42391836643218994	/Dell/Dell14/bianht/project01_similarity_phase1_20260630/bin70_combined_existing
70	9	9	0.69375	49	TPDEETVARVEARTRELARRHGQAYAPAFLAALRARDPAGLRATLTALWREVEAELRRTVITDVPTVIALQRAAGVTITEAEAQAFLDNYDLDAHVARVVAEALALAEEAARTGATLAELIARAPSGSVRLFFLVVEEMLRLVDAAFADVLPLLAAAARL	/Dell/Dell14/bianht/project01_similarity_phase1_20260630/bin70_combined_existing/backbones/denovo_SER_hydrolase_full_input_9.pdb	pass	0.9592159390449524	0.9851704835891724	1.000000238418579	0.9571061730384827	0.9659998416900635	0.9759590029716492	0.39016130566596985	/Dell/Dell14/bianht/project01_similarity_phase1_20260630/bin70_combined_existing
70	10	10	0.70625	47	SADEETVARVEARTRELARRHGAAHAPAFQAAFDARDPAGLRDTLTALWREVEAELRRTVITDVPTVIALQKAAGVEITEEEAQAFLDNYDLDAHVARVVAEALALAREAAKTGATLDELKAAAPSGSVRLFFVVVEEMLRLTDRAWEDVLPLLAAAAEL	/Dell/Dell14/bianht/project01_similarity_phase1_20260630/bin70_combined_existing/backbones/denovo_SER_hydrolase_full_input_10.pdb	pass	0.9659510850906372	0.9851704835891724	1.000000238418579	0.9571061730384827	0.9283841252326965	0.9759590029716492	0.3873264193534851	/Dell/Dell14/bianht/project01_similarity_phase1_20260630/bin70_combined_existing
60	1	1	0.6	64	SPEAATVAEIEAETKRYAAEYGKAFSAAFQAALDGRNPQGLHDVLTEHWRLVESRLRETVIVDTPAVISLQRASGVDITDEEAQDFLNNFDIDAHVERVCREGFELAARGAAVDATLDQLVAGAPSGSVRMFWLCVQVMMEMINAAWADVQPQLGEASAI	/Dell/Dell14/bianht/project01_similarity_phase1_20260630/bin60_omitnative64_seed6102/backbones/denovo_SER_hydrolase_full_input_1.pdb	pass	0.839863657951355	0.9851704835891724	1.000000238418579	0.9571061730384827	0.7554669380187988	0.9759590029716492	0.4461921751499176	/Dell/Dell14/bianht/project01_similarity_phase1_20260630/bin60_omitnative64_seed6102
60	2	2	0.6	64	SPEAATVAEIEAETVRIAKEKGKAFSAAFQAALDGRNPQGLADVLTEMWREVESRLRETVIVDTPSVISLQRASGVDITDEEAQDFLENFDIDAHVERVCREGFELAARGAAVDATLDQLVADAPSGSVRMFYLMVQVMMEMINAAWADVQPQLGEASAI	/Dell/Dell14/bianht/project01_similarity_phase1_20260630/bin60_omitnative64_seed6102/backbones/denovo_SER_hydrolase_full_input_2.pdb	pass	0.8510407209396362	0.9851704835891724	1.000000238418579	0.9571061730384827	0.7723603248596191	0.9759590029716492	0.4402589201927185	/Dell/Dell14/bianht/project01_similarity_phase1_20260630/bin60_omitnative64_seed6102
60	3	3	0.6	64	SPEAATVAEIEAETVRIAKEVGKAFSAAFRAALDGRNPQGLKDVLTEMWRKVESRLRETVIRDTPVVISLQRASGVAITDEEAQDFLNNFDIDAHVERVVREGFELAARGAAVDATLDQLVADAPSGSVRMFWLMVQVMMEMINAAWADVQPQLGEASAI	/Dell/Dell14/bianht/project01_similarity_phase1_20260630/bin60_omitnative64_seed6102/backbones/denovo_SER_hydrolase_full_input_3.pdb	pass	0.8579750657081604	0.9851704835891724	1.000000238418579	0.9571061730384827	0.8538753390312195	0.9759590029716492	0.4386867880821228	/Dell/Dell14/bianht/project01_similarity_phase1_20260630/bin60_omitnative64_seed6102
60	4	4	0.6	64	SPEAATVAEIEAETVRIAKEVGKDFSAAFRAALDGRNPQGLADVLTEMWRKVESRLRETVIVDTPAVISLQRASGVTITDEEAQDFLNNFDIDAHVERVCREGFELAARGAAVDATLDQLVADAPSGSVRMFWLMVKVMMEMINAAWADVQPQLGEASAI	/Dell/Dell14/bianht/project01_similarity_phase1_20260630/bin60_omitnative64_seed6102/backbones/denovo_SER_hydrolase_full_input_4.pdb	pass	0.8425195813179016	0.9851704835891724	1.000000238418579	0.9571061730384827	0.8382331132888794	0.9759590029716492	0.4296664893627167	/Dell/Dell14/bianht/project01_similarity_phase1_20260630/bin60_omitnative64_seed6102
60	5	5	0.6	64	SPEAATVAEIEAETVRIAKEEGKAFSAAFQAALDGRNPQGLKDVLTEHWRRVESRLRETVIVDTPAVISLQRASGVDITDEEAQDFLENFDIDAHVERVVREGFELAARGAAVDATLDQLVADAPSGSVRMFYLCVQVMMEMINAAWADVQPQLGEASAI	/Dell/Dell14/bianht/project01_similarity_phase1_20260630/bin60_omitnative64_seed6102/backbones/denovo_SER_hydrolase_full_input_5.pdb	pass	0.8722935914993286	0.9851704835891724	1.000000238418579	0.9571061730384827	0.7980067729949951	0.9759590029716492	0.43873336911201477	/Dell/Dell14/bianht/project01_similarity_phase1_20260630/bin60_omitnative64_seed6102
60	6	6	0.6	64	SPEAATVAEIEAETVRIAKEKGKAFSAAFQAALDGRNPQGLADVLTEHWREVESRLRETVIVDTPAVISLQRASGVAITDEEAQDFLENFDIDAHVERVCREGFELAARGAAVDATLDQLVADAPSGSVRMFWLCVQVMMEMINAAWADVQPQLGEASAI	/Dell/Dell14/bianht/project01_similarity_phase1_20260630/bin60_omitnative64_seed6102/backbones/denovo_SER_hydrolase_full_input_6.pdb	pass	0.8373207449913025	0.9851704835891724	1.000000238418579	0.9571061730384827	0.8267086744308472	0.9759590029716492	0.43855464458465576	/Dell/Dell14/bianht/project01_similarity_phase1_20260630/bin60_omitnative64_seed6102
60	7	7	0.6	64	SPEAATVAEIEAETKRKAAEYGKAFSAAFRAALDGRNPRGLADVLTEHWRLVESDLRETVIKDTPVVISLQRASGVTITDEEAQSFLENFDIDAHVERVAREGFELAARGAAVDATLDQLVADAPSGSVRMFWLCVQVMMEMINAAWADVQPQLGEASAI	/Dell/Dell14/bianht/project01_similarity_phase1_20260630/bin60_omitnative64_seed6102/backbones/denovo_SER_hydrolase_full_input_7.pdb	pass	0.8507643938064575	0.9851704835891724	1.000000238418579	0.9571061730384827	0.8086365461349487	0.9759590029716492	0.4355703294277191	/Dell/Dell14/bianht/project01_similarity_phase1_20260630/bin60_omitnative64_seed6102
60	8	8	0.6	64	SPEAATVAEIEAETKRIAKEEGKAFSAAFRAALDGRNPRGLLDVLTEMWRKVESRLRETVIVDTPVVISLQRASGVTITDEEAQDFLNNFDIDAHVERVVREGFELAARGAAVDATLDQLVADAPSGSVRMFYLMVQVMMEMINAAWADVQPQLGEASAI	/Dell/Dell14/bianht/project01_similarity_phase1_20260630/bin60_omitnative64_seed6102/backbones/denovo_SER_hydrolase_full_input_8.pdb	pass	0.8676838874816895	0.9851704835891724	1.000000238418579	0.9571061730384827	0.8296397924423218	0.9759590029716492	0.4288947880268097	/Dell/Dell14/bianht/project01_similarity_phase1_20260630/bin60_omitnative64_seed6102
60	9	9	0.6	64	SPEAATVAEIEAETVRFAKEYGKAFSAAFRAALDGRNPQGLADVLTEHWRKVESRLRETVIVDTPSVISLQRASGVTITDEEAQDFLNNFDIDAHVERVCREGFELAARGAAVDATLDQLVADAPSGSVRMFWLCVQVMMEMINAAWADVQPQLGEASAI	/Dell/Dell14/bianht/project01_similarity_phase1_20260630/bin60_omitnative64_seed6102/backbones/denovo_SER_hydrolase_full_input_9.pdb	pass	0.8439896106719971	0.9851704835891724	1.000000238418579	0.9571061730384827	0.7633790969848633	0.9759590029716492	0.4389265775680542	/Dell/Dell14/bianht/project01_similarity_phase1_20260630/bin60_omitnative64_seed6102
60	10	10	0.6	64	SPEAATVAEIEAETVRIAKEEGKAFSAAFRAALDGRNPGGLADVLTEHWRKVESRLRETVIKDTPVVISLQRASGVDITDEEAQDFLENFDIDAHVERVCREGFDLAARGAAVDATLDQLVADAPSGSVRMFWLCVRVMMEMINAAWADVQPQLGEASAR	/Dell/Dell14/bianht/project01_similarity_phase1_20260630/bin60_omitnative64_seed6102/backbones/denovo_SER_hydrolase_full_input_10.pdb	pass	0.8761782646179199	0.9851704835891724	1.000000238418579	0.9571061730384827	0.7580133080482483	0.9759590029716492	0.4329179525375366	/Dell/Dell14/bianht/project01_similarity_phase1_20260630/bin60_omitnative64_seed6102
50	1	1	0.5	80	SPEAETVAEIEAECVRIAKEEGEAFKAAFRASLDGRNPQGMADVLTEHWTRVESRLRETKIVDIPSVISLQRSSGVTITDEEGQDFLNNFDIAAHVERVAREGFEQAARGAAVNSTLDQLVADSPSGSVRIFWLCVKTMMEMINAAFADVQPQLGAASAI	/Dell/Dell14/bianht/project01_similarity_phase1_20260630/bin50_omitnative80_seed5101/backbones/denovo_SER_hydrolase_full_input_1.pdb	pass	0.7367633581161499	0.9851704835891724	1.000000238418579	0.9571061730384827	0.6253147721290588	0.9759590029716492	0.40512803196907043	/Dell/Dell14/bianht/project01_similarity_phase1_20260630/bin50_omitnative80_seed5101
50	2	2	0.5	80	SPEAETVAEIEAECKRIAKEKGEAFKAAFRASLDGRNPQGMADVLTEMWKEVESELRKTKIVDTPVVISLQRSSGVTITDEEGQDFLNNFDIEAHVERVCREGFEQAARGAAVDKTLDQLVADSPSGSVRMFYLMVQTMMEMINAAFADVMPQLGAASAI	/Dell/Dell14/bianht/project01_similarity_phase1_20260630/bin50_omitnative80_seed5101/backbones/denovo_SER_hydrolase_full_input_2.pdb	pass	0.7118070125579834	0.9851704835891724	1.000000238418579	0.9571061730384827	0.6564099192619324	0.9759590029716492	0.37640103697776794	/Dell/Dell14/bianht/project01_similarity_phase1_20260630/bin50_omitnative80_seed5101
50	3	3	0.5	80	SPEAETVAEIEAECKRIAKEVGQAFSAAFRASLDGRNPQGIADVLTEMWTRVSSRLRETKIVDTPSVISLQRSSGVTITDEESQDFLNNFDEAAHVERVAREGFEQAARGAAVDKTLDQLVADSPSGSVRIFYLMVQTMMEMINAAFADVMPQLGAASAI	/Dell/Dell14/bianht/project01_similarity_phase1_20260630/bin50_omitnative80_seed5101/backbones/denovo_SER_hydrolase_full_input_3.pdb	pass	0.7636443972587585	0.9851704835891724	1.000000238418579	0.9571061730384827	0.5285922884941101	0.9759590029716492	0.4040887653827667	/Dell/Dell14/bianht/project01_similarity_phase1_20260630/bin50_omitnative80_seed5101
50	4	4	0.5	80	SPEAETVAEIEAECKRIAKEEGEAFKAAFQASYDNRNPQGMKDVLTEAWTKVESRLRETIIVDTPVVISLQRSSGVTITDEEQQDFLNNFDIAAHVERVVREGFEAAARGAAVDSTLDQLVAGSPSGSVRIFWLMVQTMMEMINAAFADVQPQLGAASAI	/Dell/Dell14/bianht/project01_similarity_phase1_20260630/bin50_omitnative80_seed5101/backbones/denovo_SER_hydrolase_full_input_4.pdb	pass	0.7539737224578857	0.9851704835891724	1.000000238418579	0.9571061730384827	0.7605739831924438	0.9759590029716492	0.3915843367576599	/Dell/Dell14/bianht/project01_similarity_phase1_20260630/bin50_omitnative80_seed5101
50	5	5	0.5	80	SPEAETVAEIEAEVKRKAKEYGEAFKAAFQASYDGRNPQGMADVLTEMWKLVESDLRKTKIVDIPVVISLQRSSGVTITDEEGQDFLENFDIEAHVERVAREGFEQAARGAAVDKTLDQLVADSPSGSVRMFWLMVQTMMEMINAAFADVMPQLGAASAA	/Dell/Dell14/bianht/project01_similarity_phase1_20260630/bin50_omitnative80_seed5101/backbones/denovo_SER_hydrolase_full_input_5.pdb	pass	0.8129813075065613	0.9851704835891724	1.000000238418579	0.9571061730384827	0.7510113716125488	0.9759590029716492	0.43295636773109436	/Dell/Dell14/bianht/project01_similarity_phase1_20260630/bin50_omitnative80_seed5101
50	6	6	0.5	80	SPEARTVAEIEAEVKRKAKEYGQDFKAAFQASLDGRNPRGMADVLTETWKRVESDLRKTKIVDTPVVISLQRSSGVTITDEEGQDFLNNFDIEAHVERVCREGFEQAARGAAVDSTLDQLVADSPSGSVRMFYLIVQTMMEMINAAFADVQPQLSAASAE	/Dell/Dell14/bianht/project01_similarity_phase1_20260630/bin50_omitnative80_seed5101/backbones/denovo_SER_hydrolase_full_input_6.pdb	pass	0.7810543775558472	0.9851704835891724	1.000000238418579	0.9571061730384827	0.6672019958496094	0.9759590029716492	0.3986068069934845	/Dell/Dell14/bianht/project01_similarity_phase1_20260630/bin50_omitnative80_seed5101
50	7	7	0.5	80	SPEAETVAEIEAECVRIAKEHGQAFSAAFRASLDGRNPRGIADVLTEHWTLVESELRKTKIVDTPSVISLQRSSGVTITDEEGQDFLNNFDIAAHVERVCREGFEQAARGAAVDSTLDQLVAGSPSGSVRMFWLCVQTMMEMIGAAFADVMPQLGAASAA	/Dell/Dell14/bianht/project01_similarity_phase1_20260630/bin50_omitnative80_seed5101/backbones/denovo_SER_hydrolase_full_input_7.pdb	pass	0.7897542715072632	0.9851704835891724	1.000000238418579	0.9571061730384827	0.540302038192749	0.9759590029716492	0.4215763509273529	/Dell/Dell14/bianht/project01_similarity_phase1_20260630/bin50_omitnative80_seed5101
50	8	8	0.5	80	SPEAETVAEIEAECKRIAKEVGQAFSAAFRASLDGRNPRGMADVLTEHWTRVESRLRETKIVDTPSVISLQRSSGVDITDEEQQDFLENFDIAAHVERVCREGFEQAARGAAVDKTLDQLVADSPSGSVRIFYLCVQTMMEMINAAFADVMPQLGAASAE	/Dell/Dell14/bianht/project01_similarity_phase1_20260630/bin50_omitnative80_seed5101/backbones/denovo_SER_hydrolase_full_input_8.pdb	pass	0.7788577079772949	0.9851704835891724	1.000000238418579	0.9571061730384827	0.5616041421890259	0.9759590029716492	0.39399853348731995	/Dell/Dell14/bianht/project01_similarity_phase1_20260630/bin50_omitnative80_seed5101
50	9	9	0.5	80	SPEAETVAEIEAECVRIAKEVGQAFSAAFQASLDGRNPRGMADVLTEHWTLVESRLRETIIVDTPVVISLQRSSGVTITDEEGQNFLENWDIEAHVERVAREGFDQAARGAAVDKTLDQLVADSPSGSVRMFWLCVQTMMEMINAAFADVMPQLGAASAI	/Dell/Dell14/bianht/project01_similarity_phase1_20260630/bin50_omitnative80_seed5101/backbones/denovo_SER_hydrolase_full_input_9.pdb	pass	0.7829053401947021	0.9851704835891724	1.000000238418579	0.9571061730384827	0.7305750846862793	0.9759590029716492	0.43435364961624146	/Dell/Dell14/bianht/project01_similarity_phase1_20260630/bin50_omitnative80_seed5101
50	10	10	0.5	80	SPEARTVAEIEAECKRIAKEEGQAFKAAFQASLDGRNPQGIADVLTEAWTKVESRLRKTKIVDTPSVISLQRSSGVTITDEEGQDFLNNFDIEAHVERVAREGFEMAARGAAVDKTLDQLVADSPSGSVRIFWLMVQTMMEMINAAFADVMPQLGAASAI	/Dell/Dell14/bianht/project01_similarity_phase1_20260630/bin50_omitnative80_seed5101/backbones/denovo_SER_hydrolase_full_input_10.pdb	pass	0.7506523728370667	0.9851704835891724	1.000000238418579	0.9571061730384827	0.6066488027572632	0.9759590029716492	0.43309637904167175	/Dell/Dell14/bianht/project01_similarity_phase1_20260630/bin50_omitnative80_seed5101
