enzyme	phl7_residue_number	aa	design_status	fixed_reason	catalytic_center_fixed	hemt_5A_pocket_fixed	active_msa_high_conservation_fixed
PHL7-WT	8	G	FIXED	ACTIVE_MSA_HIGH_CONSERVATION	0	0	1
PHL7-WT	11	P	FIXED	ACTIVE_MSA_HIGH_CONSERVATION	0	0	1
PHL7-WT	12	T	FIXED	ACTIVE_MSA_HIGH_CONSERVATION	0	0	1
PHL7-WT	21	G	FIXED	ACTIVE_MSA_HIGH_CONSERVATION	0	0	1
PHL7-WT	37	G	FIXED	ACTIVE_MSA_HIGH_CONSERVATION	0	0	1
PHL7-WT	39	G	FIXED	ACTIVE_MSA_HIGH_CONSERVATION	0	0	1
PHL7-WT	41	G	FIXED	ACTIVE_MSA_HIGH_CONSERVATION	0	0	1
PHL7-WT	46	P	FIXED	ACTIVE_MSA_HIGH_CONSERVATION	0	0	1
PHL7-WT	61	P	FIXED	ACTIVE_MSA_HIGH_CONSERVATION	0	0	1
PHL7-WT	62	G	FIXED	HEMT_5A_POCKET;ACTIVE_MSA_HIGH_CONSERVATION	0	1	1
PHL7-WT	63	F	FIXED	CATALYTIC_CENTER;HEMT_5A_POCKET	1	1	0
PHL7-WT	65	A	FIXED	HEMT_5A_POCKET	0	1	0
PHL7-WT	74	G	FIXED	ACTIVE_MSA_HIGH_CONSERVATION	0	0	1
PHL7-WT	78	A	FIXED	ACTIVE_MSA_HIGH_CONSERVATION	0	0	1
PHL7-WT	79	S	FIXED	ACTIVE_MSA_HIGH_CONSERVATION	0	0	1
PHL7-WT	81	G	FIXED	ACTIVE_MSA_HIGH_CONSERVATION	0	0	1
PHL7-WT	82	F	FIXED	ACTIVE_MSA_HIGH_CONSERVATION	0	0	1
PHL7-WT	83	V	FIXED	ACTIVE_MSA_HIGH_CONSERVATION	0	0	1
PHL7-WT	84	V	FIXED	ACTIVE_MSA_HIGH_CONSERVATION	0	0	1
PHL7-WT	89	T	FIXED	ACTIVE_MSA_HIGH_CONSERVATION	0	0	1
PHL7-WT	94	D	FIXED	ACTIVE_MSA_HIGH_CONSERVATION	0	0	1
PHL7-WT	99	R	FIXED	ACTIVE_MSA_HIGH_CONSERVATION	0	0	1
PHL7-WT	106	A	FIXED	ACTIVE_MSA_HIGH_CONSERVATION	0	0	1
PHL7-WT	107	L	FIXED	ACTIVE_MSA_HIGH_CONSERVATION	0	0	1
PHL7-WT	121	D	FIXED	ACTIVE_MSA_HIGH_CONSERVATION	0	0	1
PHL7-WT	124	R	FIXED	ACTIVE_MSA_HIGH_CONSERVATION	0	0	1
PHL7-WT	127	V	FIXED	ACTIVE_MSA_HIGH_CONSERVATION	0	0	1
PHL7-WT	129	G	FIXED	ACTIVE_MSA_HIGH_CONSERVATION	0	0	1
PHL7-WT	130	H	FIXED	HEMT_5A_POCKET	0	1	0
PHL7-WT	131	S	FIXED	CATALYTIC_CENTER;HEMT_5A_POCKET;ACTIVE_MSA_HIGH_CONSERVATION	1	1	1
PHL7-WT	132	M	FIXED	CATALYTIC_CENTER;HEMT_5A_POCKET;ACTIVE_MSA_HIGH_CONSERVATION	1	1	1
PHL7-WT	133	G	FIXED	HEMT_5A_POCKET;ACTIVE_MSA_HIGH_CONSERVATION	0	1	1
PHL7-WT	134	G	FIXED	ACTIVE_MSA_HIGH_CONSERVATION	0	0	1
PHL7-WT	135	G	FIXED	ACTIVE_MSA_HIGH_CONSERVATION	0	0	1
PHL7-WT	141	A	FIXED	ACTIVE_MSA_HIGH_CONSERVATION	0	0	1
PHL7-WT	149	A	FIXED	ACTIVE_MSA_HIGH_CONSERVATION	0	0	1
PHL7-WT	156	W	FIXED	HEMT_5A_POCKET	0	1	0
PHL7-WT	177	D	FIXED	CATALYTIC_CENTER	1	0	0
PHL7-WT	179	I	FIXED	HEMT_5A_POCKET	0	1	0
PHL7-WT	180	A	FIXED	HEMT_5A_POCKET	0	1	0
PHL7-WT	185	H	FIXED	HEMT_5A_POCKET	0	1	0
PHL7-WT	209	H	FIXED	CATALYTIC_CENTER;HEMT_5A_POCKET	1	1	0

