pdb	residue	available_altlocs	selected_altloc	reason
6EQE	A:SER46	A,B	B	highest_altloc_atom_occupancy
6EQE	A:ARG53	A,B,C	A	highest_altloc_atom_occupancy
6EQE	A:ARG59	A,B	A	highest_altloc_atom_occupancy
6EQE	A:SER92	A,B	A	highest_altloc_atom_occupancy
6EQE	A:ILE94	A,B	A	highest_altloc_atom_occupancy
6EQE	A:LYS95	A,B	A	highest_altloc_atom_occupancy
6EQE	A:SER121	A,B,C	B	highest_altloc_atom_occupancy
6EQE	A:ARG132	A,B	A	highest_altloc_atom_occupancy
6EQE	A:SER136	A,B,C	A	highest_altloc_atom_occupancy
6EQE	A:LYS148	A,B	B	highest_altloc_atom_occupancy
6EQE	A:SER175	A,B	A	highest_altloc_atom_occupancy
6EQE	A:LYS177	A,B	A	highest_altloc_atom_occupancy
6EQE	A:SER187	A,B	A	highest_altloc_atom_occupancy
6EQE	A:SER188	A,B	A	highest_altloc_atom_occupancy
6EQE	A:THR189	A,B	A	highest_altloc_atom_occupancy
6EQE	A:ILE200	A,B	A	highest_altloc_atom_occupancy
6EQE	A:SER207	A,B	B	highest_altloc_atom_occupancy
6EQE	A:SER214	A,B,C	B	highest_altloc_atom_occupancy
6EQE	A:SER223	A,B	A	highest_altloc_atom_occupancy
6EQE	A:ARG224	A,B	B	highest_altloc_atom_occupancy
6EQE	A:LEU230	A,B	A	highest_altloc_atom_occupancy
6EQE	A:SER245	A,B	A	highest_altloc_atom_occupancy
6EQE	A:MET258	A,B	A	highest_altloc_atom_occupancy
6EQE	A:MET262	A,B	A	highest_altloc_atom_occupancy
6EQE	A:ARG280	A,B	A	highest_altloc_atom_occupancy
6EQE	A:SER290	A,B	B	highest_altloc_atom_occupancy
6EQF	A:THR56	A,B	A	highest_altloc_atom_occupancy
6EQF	A:SER121	A,B,C	B	highest_altloc_atom_occupancy
6EQF	A:ASN212	A,B	A	highest_altloc_atom_occupancy
6EQF	A:SER214	A,B	B	highest_altloc_atom_occupancy
6EQF	A:GLU274	A,B	B	highest_altloc_atom_occupancy
6EQH	A:SER42	A,B	A	highest_altloc_atom_occupancy
6EQH	A:SER238	A,B	A	highest_altloc_atom_occupancy
6EQH	A:MET258	A,B	A	highest_altloc_atom_occupancy
6EQH	A:MET262	A,B	A	highest_altloc_atom_occupancy
6ILW	A:SER175	A,B	A	highest_altloc_atom_occupancy
