pose_id	template_pdb	substrate_model	generation_method	relaxed_structure_path	ser_og_to_c_A	attack_angle_deg	oxyanion_hbond_count	his_acceptor_distance_A	leaving_group_relay_distance_A	trp_rotamer_label	pass_fail	rejection_reason	next_step
AC_GS_0001	6EQE	PET_dimer_capped	pending	pending							pending	pending	pending
AC_GS_0002	6EQE	BHET_like	pending	pending							pending	pending	pending
AC_GS_0003	5XJH	PET_dimer_capped	pending	pending							pending	pending	pending
AC_GS_0004	5YFE	PET_dimer_capped	pending	pending							pending	pending	pending
DE_GS_0001	6EQE	MHET_like_acyl_enzyme_precursor	pending	pending							pending	pending	pending
DE_GS_0002	5XJH	MHET_like_acyl_enzyme_precursor	pending	pending							pending	pending	pending
DE_GS_0003	5YFE	MHET_like_acyl_enzyme_precursor	pending	pending							pending	pending	pending
POSE_5XJH_PET_dimer_capped_E01_rank001	5XJH	PET_dimer_capped	vina_obabel_smoke	project01/phase2_blind_petase_qmmm_20260630/blind_work/01_system_setup/docking_runs/POSE_5XJH_PET_dimer_capped_E01/complex_rank001.pdb	12.877	168.15	0	2.923	10.092	trans:-175.5	fail	nucleophile_distance,attack_angle,oxyanion_hbond,leaving_group_relay	record_in_rejected_pose_manifest
POSE_5XJH_PET_dimer_capped_E01_rank001	5XJH	PET_dimer_capped	vina_obabel_batch_exh4	project01/phase2_blind_petase_qmmm_20260630/blind_work/01_system_setup/docking_runs/POSE_5XJH_PET_dimer_capped_E01/complex_rank001.pdb	9.464	104.12	0	2.923	6.260	trans:-175.5	fail	nucleophile_distance,oxyanion_hbond,leaving_group_relay	record_in_rejected_pose_manifest
POSE_5XJH_PET_dimer_capped_E02_rank001	5XJH	PET_dimer_capped	vina_obabel_batch_exh4	project01/phase2_blind_petase_qmmm_20260630/blind_work/01_system_setup/docking_runs/POSE_5XJH_PET_dimer_capped_E02/complex_rank001.pdb	10.344	168.86	0	2.923	7.588	trans:-175.5	fail	nucleophile_distance,attack_angle,oxyanion_hbond,leaving_group_relay	record_in_rejected_pose_manifest
POSE_5XJH_PET_dimer_capped_E03_rank001	5XJH	PET_dimer_capped	vina_obabel_batch_exh4	project01/phase2_blind_petase_qmmm_20260630/blind_work/01_system_setup/docking_runs/POSE_5XJH_PET_dimer_capped_E03/complex_rank001.pdb	9.518	148.14	0	2.923	8.076	trans:-175.5	fail	nucleophile_distance,attack_angle,oxyanion_hbond,leaving_group_relay	record_in_rejected_pose_manifest
POSE_5XJH_PET_dimer_capped_E04_rank001	5XJH	PET_dimer_capped	vina_obabel_batch_exh4	project01/phase2_blind_petase_qmmm_20260630/blind_work/01_system_setup/docking_runs/POSE_5XJH_PET_dimer_capped_E04/complex_rank001.pdb	6.781	125.96	0	2.923	4.413	trans:-175.5	fail	nucleophile_distance,attack_angle,oxyanion_hbond,leaving_group_relay	record_in_rejected_pose_manifest
POSE_5XJH_BHET_like_E01_rank001	5XJH	BHET_like	vina_obabel_batch_exh4	project01/phase2_blind_petase_qmmm_20260630/blind_work/01_system_setup/docking_runs/POSE_5XJH_BHET_like_E01/complex_rank001.pdb	7.571	122.36	0	2.923	4.953	trans:-175.5	fail	nucleophile_distance,oxyanion_hbond,leaving_group_relay	record_in_rejected_pose_manifest
POSE_5XJH_BHET_like_E02_rank001	5XJH	BHET_like	vina_obabel_batch_exh4	project01/phase2_blind_petase_qmmm_20260630/blind_work/01_system_setup/docking_runs/POSE_5XJH_BHET_like_E02/complex_rank001.pdb	6.110	143.88	0	2.923	5.182	trans:-175.5	fail	nucleophile_distance,attack_angle,oxyanion_hbond,leaving_group_relay	record_in_rejected_pose_manifest
POSE_5XJH_MHET_like_E01_rank001	5XJH	MHET_like	vina_obabel_batch_exh4	project01/phase2_blind_petase_qmmm_20260630/blind_work/01_system_setup/docking_runs/POSE_5XJH_MHET_like_E01/complex_rank001.pdb	7.699	131.69	0	2.923	4.833	trans:-175.5	fail	nucleophile_distance,attack_angle,oxyanion_hbond,leaving_group_relay	record_in_rejected_pose_manifest
POSE_6EQE_PET_dimer_capped_E01_rank001	6EQE	PET_dimer_capped	vina_obabel_batch_exh4	project01/phase2_blind_petase_qmmm_20260630/blind_work/01_system_setup/docking_runs/POSE_6EQE_PET_dimer_capped_E01/complex_rank001.pdb	8.147	121.23	0	2.944	5.562	trans:-179.1	fail	nucleophile_distance,oxyanion_hbond,leaving_group_relay	record_in_rejected_pose_manifest
POSE_6EQE_PET_dimer_capped_E02_rank001	6EQE	PET_dimer_capped	vina_obabel_batch_exh4	project01/phase2_blind_petase_qmmm_20260630/blind_work/01_system_setup/docking_runs/POSE_6EQE_PET_dimer_capped_E02/complex_rank001.pdb	6.417	123.88	0	2.944	5.366	trans:-179.1	fail	nucleophile_distance,oxyanion_hbond,leaving_group_relay	record_in_rejected_pose_manifest
POSE_6EQE_PET_dimer_capped_E03_rank001	6EQE	PET_dimer_capped	vina_obabel_batch_exh4	project01/phase2_blind_petase_qmmm_20260630/blind_work/01_system_setup/docking_runs/POSE_6EQE_PET_dimer_capped_E03/complex_rank001.pdb	3.578	40.26	1	2.944	5.646	trans:-179.1	fail	attack_angle,leaving_group_relay	record_in_rejected_pose_manifest
POSE_6EQE_PET_dimer_capped_E04_rank001	6EQE	PET_dimer_capped	vina_obabel_batch_exh4	project01/phase2_blind_petase_qmmm_20260630/blind_work/01_system_setup/docking_runs/POSE_6EQE_PET_dimer_capped_E04/complex_rank001.pdb	8.493	128.79	0	2.944	10.129	trans:-179.1	fail	nucleophile_distance,attack_angle,oxyanion_hbond,leaving_group_relay	record_in_rejected_pose_manifest
POSE_6EQE_BHET_like_E01_rank001	6EQE	BHET_like	vina_obabel_batch_exh4	project01/phase2_blind_petase_qmmm_20260630/blind_work/01_system_setup/docking_runs/POSE_6EQE_BHET_like_E01/complex_rank001.pdb	3.606	35.58	1	2.944	5.560	trans:-179.1	fail	nucleophile_distance,attack_angle,leaving_group_relay	record_in_rejected_pose_manifest
POSE_5XJH_BHET_like_E01_rank001	5XJH	BHET_like	vina_obabel_modes_exh4	project01/phase2_blind_petase_qmmm_20260630/blind_work/01_system_setup/docking_runs/POSE_5XJH_BHET_like_E01/complex_rank001.pdb	7.571	122.36	0	2.923	4.953	trans:-175.5	fail	nucleophile_distance,oxyanion_hbond,leaving_group_relay	record_in_rejected_pose_manifest
POSE_5XJH_BHET_like_E01_rank002	5XJH	BHET_like	vina_obabel_modes_exh4	project01/phase2_blind_petase_qmmm_20260630/blind_work/01_system_setup/docking_runs/POSE_5XJH_BHET_like_E01/complex_rank002.pdb	6.166	150.23	0	2.923	5.261	trans:-175.5	fail	nucleophile_distance,attack_angle,oxyanion_hbond,leaving_group_relay	record_in_rejected_pose_manifest
POSE_5XJH_BHET_like_E01_rank003	5XJH	BHET_like	vina_obabel_modes_exh4	project01/phase2_blind_petase_qmmm_20260630/blind_work/01_system_setup/docking_runs/POSE_5XJH_BHET_like_E01/complex_rank003.pdb	8.867	109.93	0	2.923	6.142	trans:-175.5	fail	nucleophile_distance,oxyanion_hbond,leaving_group_relay	record_in_rejected_pose_manifest
POSE_5XJH_BHET_like_E02_rank001	5XJH	BHET_like	vina_obabel_modes_exh4	project01/phase2_blind_petase_qmmm_20260630/blind_work/01_system_setup/docking_runs/POSE_5XJH_BHET_like_E02/complex_rank001.pdb	6.110	143.88	0	2.923	5.182	trans:-175.5	fail	nucleophile_distance,attack_angle,oxyanion_hbond,leaving_group_relay	record_in_rejected_pose_manifest
POSE_5XJH_BHET_like_E02_rank002	5XJH	BHET_like	vina_obabel_modes_exh4	project01/phase2_blind_petase_qmmm_20260630/blind_work/01_system_setup/docking_runs/POSE_5XJH_BHET_like_E02/complex_rank002.pdb	7.527	121.00	0	2.923	4.920	trans:-175.5	fail	nucleophile_distance,oxyanion_hbond,leaving_group_relay	record_in_rejected_pose_manifest
POSE_5XJH_BHET_like_E02_rank003	5XJH	BHET_like	vina_obabel_modes_exh4	project01/phase2_blind_petase_qmmm_20260630/blind_work/01_system_setup/docking_runs/POSE_5XJH_BHET_like_E02/complex_rank003.pdb	7.070	100.16	0	2.923	5.823	trans:-175.5	fail	nucleophile_distance,oxyanion_hbond,leaving_group_relay	record_in_rejected_pose_manifest
POSE_5XJH_MHET_like_E01_rank001	5XJH	MHET_like	vina_obabel_modes_exh4	project01/phase2_blind_petase_qmmm_20260630/blind_work/01_system_setup/docking_runs/POSE_5XJH_MHET_like_E01/complex_rank001.pdb	7.699	131.69	0	2.923	4.833	trans:-175.5	fail	nucleophile_distance,attack_angle,oxyanion_hbond,leaving_group_relay	record_in_rejected_pose_manifest
POSE_5XJH_MHET_like_E01_rank002	5XJH	MHET_like	vina_obabel_modes_exh4	project01/phase2_blind_petase_qmmm_20260630/blind_work/01_system_setup/docking_runs/POSE_5XJH_MHET_like_E01/complex_rank002.pdb	6.246	153.89	0	2.923	5.267	trans:-175.5	fail	nucleophile_distance,attack_angle,oxyanion_hbond,leaving_group_relay	record_in_rejected_pose_manifest
POSE_5XJH_MHET_like_E01_rank003	5XJH	MHET_like	vina_obabel_modes_exh4	project01/phase2_blind_petase_qmmm_20260630/blind_work/01_system_setup/docking_runs/POSE_5XJH_MHET_like_E01/complex_rank003.pdb	6.724	75.34	0	2.923	5.561	trans:-175.5	fail	nucleophile_distance,attack_angle,oxyanion_hbond,leaving_group_relay	record_in_rejected_pose_manifest
POSE_5XJH_PET_dimer_capped_E01_rank001	5XJH	PET_dimer_capped	vina_obabel_modes_exh4	project01/phase2_blind_petase_qmmm_20260630/blind_work/01_system_setup/docking_runs/POSE_5XJH_PET_dimer_capped_E01/complex_rank001.pdb	9.464	104.12	0	2.923	6.260	trans:-175.5	fail	nucleophile_distance,oxyanion_hbond,leaving_group_relay	record_in_rejected_pose_manifest
POSE_5XJH_PET_dimer_capped_E01_rank002	5XJH	PET_dimer_capped	vina_obabel_modes_exh4	project01/phase2_blind_petase_qmmm_20260630/blind_work/01_system_setup/docking_runs/POSE_5XJH_PET_dimer_capped_E01/complex_rank002.pdb	9.272	135.43	0	2.923	5.470	trans:-175.5	fail	nucleophile_distance,attack_angle,oxyanion_hbond,leaving_group_relay	record_in_rejected_pose_manifest
POSE_5XJH_PET_dimer_capped_E01_rank003	5XJH	PET_dimer_capped	vina_obabel_modes_exh4	project01/phase2_blind_petase_qmmm_20260630/blind_work/01_system_setup/docking_runs/POSE_5XJH_PET_dimer_capped_E01/complex_rank003.pdb	11.358	109.66	0	2.923	9.507	trans:-175.5	fail	nucleophile_distance,oxyanion_hbond,leaving_group_relay	record_in_rejected_pose_manifest
POSE_5XJH_PET_dimer_capped_E02_rank001	5XJH	PET_dimer_capped	vina_obabel_modes_exh4	project01/phase2_blind_petase_qmmm_20260630/blind_work/01_system_setup/docking_runs/POSE_5XJH_PET_dimer_capped_E02/complex_rank001.pdb	10.344	168.86	0	2.923	7.588	trans:-175.5	fail	nucleophile_distance,attack_angle,oxyanion_hbond,leaving_group_relay	record_in_rejected_pose_manifest
POSE_5XJH_PET_dimer_capped_E02_rank002	5XJH	PET_dimer_capped	vina_obabel_modes_exh4	project01/phase2_blind_petase_qmmm_20260630/blind_work/01_system_setup/docking_runs/POSE_5XJH_PET_dimer_capped_E02/complex_rank002.pdb	11.599	164.69	0	2.923	9.461	trans:-175.5	fail	nucleophile_distance,attack_angle,oxyanion_hbond,leaving_group_relay	record_in_rejected_pose_manifest
POSE_5XJH_PET_dimer_capped_E02_rank003	5XJH	PET_dimer_capped	vina_obabel_modes_exh4	project01/phase2_blind_petase_qmmm_20260630/blind_work/01_system_setup/docking_runs/POSE_5XJH_PET_dimer_capped_E02/complex_rank003.pdb	9.110	121.59	0	2.923	6.605	trans:-175.5	fail	nucleophile_distance,oxyanion_hbond,leaving_group_relay	record_in_rejected_pose_manifest
POSE_5XJH_PET_dimer_capped_E03_rank001	5XJH	PET_dimer_capped	vina_obabel_modes_exh4	project01/phase2_blind_petase_qmmm_20260630/blind_work/01_system_setup/docking_runs/POSE_5XJH_PET_dimer_capped_E03/complex_rank001.pdb	9.518	148.14	0	2.923	8.076	trans:-175.5	fail	nucleophile_distance,attack_angle,oxyanion_hbond,leaving_group_relay	record_in_rejected_pose_manifest
POSE_5XJH_PET_dimer_capped_E03_rank002	5XJH	PET_dimer_capped	vina_obabel_modes_exh4	project01/phase2_blind_petase_qmmm_20260630/blind_work/01_system_setup/docking_runs/POSE_5XJH_PET_dimer_capped_E03/complex_rank002.pdb	10.310	144.24	0	2.923	8.990	trans:-175.5	fail	nucleophile_distance,attack_angle,oxyanion_hbond,leaving_group_relay	record_in_rejected_pose_manifest
POSE_5XJH_PET_dimer_capped_E03_rank003	5XJH	PET_dimer_capped	vina_obabel_modes_exh4	project01/phase2_blind_petase_qmmm_20260630/blind_work/01_system_setup/docking_runs/POSE_5XJH_PET_dimer_capped_E03/complex_rank003.pdb	6.500	30.37	0	2.923	5.801	trans:-175.5	fail	nucleophile_distance,attack_angle,oxyanion_hbond,leaving_group_relay	record_in_rejected_pose_manifest
POSE_5XJH_PET_dimer_capped_E04_rank001	5XJH	PET_dimer_capped	vina_obabel_modes_exh4	project01/phase2_blind_petase_qmmm_20260630/blind_work/01_system_setup/docking_runs/POSE_5XJH_PET_dimer_capped_E04/complex_rank001.pdb	6.781	125.96	0	2.923	4.413	trans:-175.5	fail	nucleophile_distance,attack_angle,oxyanion_hbond,leaving_group_relay	record_in_rejected_pose_manifest
POSE_5XJH_PET_dimer_capped_E04_rank002	5XJH	PET_dimer_capped	vina_obabel_modes_exh4	project01/phase2_blind_petase_qmmm_20260630/blind_work/01_system_setup/docking_runs/POSE_5XJH_PET_dimer_capped_E04/complex_rank002.pdb	7.512	134.60	0	2.923	4.704	trans:-175.5	fail	nucleophile_distance,attack_angle,oxyanion_hbond,leaving_group_relay	record_in_rejected_pose_manifest
POSE_5XJH_PET_dimer_capped_E04_rank003	5XJH	PET_dimer_capped	vina_obabel_modes_exh4	project01/phase2_blind_petase_qmmm_20260630/blind_work/01_system_setup/docking_runs/POSE_5XJH_PET_dimer_capped_E04/complex_rank003.pdb	10.229	110.84	0	2.923	7.963	trans:-175.5	fail	nucleophile_distance,oxyanion_hbond,leaving_group_relay	record_in_rejected_pose_manifest
POSE_6EQE_BHET_like_E01_rank001	6EQE	BHET_like	vina_obabel_modes_exh4	project01/phase2_blind_petase_qmmm_20260630/blind_work/01_system_setup/docking_runs/POSE_6EQE_BHET_like_E01/complex_rank001.pdb	3.606	35.58	1	2.944	5.560	trans:-179.1	fail	nucleophile_distance,attack_angle,leaving_group_relay	record_in_rejected_pose_manifest
POSE_6EQE_BHET_like_E01_rank002	6EQE	BHET_like	vina_obabel_modes_exh4	project01/phase2_blind_petase_qmmm_20260630/blind_work/01_system_setup/docking_runs/POSE_6EQE_BHET_like_E01/complex_rank002.pdb	8.387	132.87	0	2.944	9.858	trans:-179.1	fail	nucleophile_distance,attack_angle,oxyanion_hbond,leaving_group_relay	record_in_rejected_pose_manifest
POSE_6EQE_BHET_like_E01_rank003	6EQE	BHET_like	vina_obabel_modes_exh4	project01/phase2_blind_petase_qmmm_20260630/blind_work/01_system_setup/docking_runs/POSE_6EQE_BHET_like_E01/complex_rank003.pdb	9.410	144.53	2	2.944	5.605	trans:-179.1	fail	nucleophile_distance,attack_angle,leaving_group_relay	record_in_rejected_pose_manifest
POSE_6EQE_PET_dimer_capped_E01_rank001	6EQE	PET_dimer_capped	vina_obabel_modes_exh4	project01/phase2_blind_petase_qmmm_20260630/blind_work/01_system_setup/docking_runs/POSE_6EQE_PET_dimer_capped_E01/complex_rank001.pdb	8.147	121.23	0	2.944	5.562	trans:-179.1	fail	nucleophile_distance,oxyanion_hbond,leaving_group_relay	record_in_rejected_pose_manifest
POSE_6EQE_PET_dimer_capped_E01_rank002	6EQE	PET_dimer_capped	vina_obabel_modes_exh4	project01/phase2_blind_petase_qmmm_20260630/blind_work/01_system_setup/docking_runs/POSE_6EQE_PET_dimer_capped_E01/complex_rank002.pdb	8.269	124.77	0	2.944	9.922	trans:-179.1	fail	nucleophile_distance,oxyanion_hbond,leaving_group_relay	record_in_rejected_pose_manifest
POSE_6EQE_PET_dimer_capped_E01_rank003	6EQE	PET_dimer_capped	vina_obabel_modes_exh4	project01/phase2_blind_petase_qmmm_20260630/blind_work/01_system_setup/docking_runs/POSE_6EQE_PET_dimer_capped_E01/complex_rank003.pdb	3.915	35.27	1	2.944	6.539	trans:-179.1	fail	nucleophile_distance,attack_angle,leaving_group_relay	record_in_rejected_pose_manifest
POSE_6EQE_PET_dimer_capped_E02_rank001	6EQE	PET_dimer_capped	vina_obabel_modes_exh4	project01/phase2_blind_petase_qmmm_20260630/blind_work/01_system_setup/docking_runs/POSE_6EQE_PET_dimer_capped_E02/complex_rank001.pdb	6.417	123.88	0	2.944	5.366	trans:-179.1	fail	nucleophile_distance,oxyanion_hbond,leaving_group_relay	record_in_rejected_pose_manifest
POSE_6EQE_PET_dimer_capped_E02_rank002	6EQE	PET_dimer_capped	vina_obabel_modes_exh4	project01/phase2_blind_petase_qmmm_20260630/blind_work/01_system_setup/docking_runs/POSE_6EQE_PET_dimer_capped_E02/complex_rank002.pdb	3.601	38.55	1	2.944	5.741	trans:-179.1	fail	nucleophile_distance,attack_angle,leaving_group_relay	record_in_rejected_pose_manifest
POSE_6EQE_PET_dimer_capped_E02_rank003	6EQE	PET_dimer_capped	vina_obabel_modes_exh4	project01/phase2_blind_petase_qmmm_20260630/blind_work/01_system_setup/docking_runs/POSE_6EQE_PET_dimer_capped_E02/complex_rank003.pdb	7.714	154.31	0	2.944	6.985	trans:-179.1	fail	nucleophile_distance,attack_angle,oxyanion_hbond,leaving_group_relay	record_in_rejected_pose_manifest
POSE_6EQE_PET_dimer_capped_E03_rank001	6EQE	PET_dimer_capped	vina_obabel_modes_exh4	project01/phase2_blind_petase_qmmm_20260630/blind_work/01_system_setup/docking_runs/POSE_6EQE_PET_dimer_capped_E03/complex_rank001.pdb	3.578	40.26	1	2.944	5.646	trans:-179.1	fail	attack_angle,leaving_group_relay	record_in_rejected_pose_manifest
POSE_6EQE_PET_dimer_capped_E03_rank002	6EQE	PET_dimer_capped	vina_obabel_modes_exh4	project01/phase2_blind_petase_qmmm_20260630/blind_work/01_system_setup/docking_runs/POSE_6EQE_PET_dimer_capped_E03/complex_rank002.pdb	6.632	122.94	0	2.944	5.816	trans:-179.1	fail	nucleophile_distance,oxyanion_hbond,leaving_group_relay	record_in_rejected_pose_manifest
POSE_6EQE_PET_dimer_capped_E03_rank003	6EQE	PET_dimer_capped	vina_obabel_modes_exh4	project01/phase2_blind_petase_qmmm_20260630/blind_work/01_system_setup/docking_runs/POSE_6EQE_PET_dimer_capped_E03/complex_rank003.pdb	7.291	74.17	0	2.944	6.218	trans:-179.1	fail	nucleophile_distance,attack_angle,oxyanion_hbond,leaving_group_relay	record_in_rejected_pose_manifest
POSE_6EQE_PET_dimer_capped_E04_rank001	6EQE	PET_dimer_capped	vina_obabel_modes_exh4	project01/phase2_blind_petase_qmmm_20260630/blind_work/01_system_setup/docking_runs/POSE_6EQE_PET_dimer_capped_E04/complex_rank001.pdb	8.493	128.79	0	2.944	10.129	trans:-179.1	fail	nucleophile_distance,attack_angle,oxyanion_hbond,leaving_group_relay	record_in_rejected_pose_manifest
POSE_6EQE_PET_dimer_capped_E04_rank002	6EQE	PET_dimer_capped	vina_obabel_modes_exh4	project01/phase2_blind_petase_qmmm_20260630/blind_work/01_system_setup/docking_runs/POSE_6EQE_PET_dimer_capped_E04/complex_rank002.pdb	7.872	131.58	0	2.944	4.993	trans:-179.1	fail	nucleophile_distance,attack_angle,oxyanion_hbond,leaving_group_relay	record_in_rejected_pose_manifest
POSE_6EQE_PET_dimer_capped_E04_rank003	6EQE	PET_dimer_capped	vina_obabel_modes_exh4	project01/phase2_blind_petase_qmmm_20260630/blind_work/01_system_setup/docking_runs/POSE_6EQE_PET_dimer_capped_E04/complex_rank003.pdb	9.286	91.85	3	2.944	6.889	trans:-179.1	fail	nucleophile_distance,leaving_group_relay	record_in_rejected_pose_manifest
REACTIVE_6EQE_BHET_like_E01_001	6EQE	BHET_like	reactive_geometry_seed	project01/phase2_blind_petase_qmmm_20260630/blind_work/01_system_setup/reactive_pose_seeds/6EQE_BHET_like_E01/REACTIVE_6EQE_BHET_like_E01_001.pdb	3.300	102.95	2	2.944	1.035	trans:-179.1	pass	none	classical_md_candidate
REACTIVE_6EQE_BHET_like_E01_002	6EQE	BHET_like	reactive_geometry_seed	project01/phase2_blind_petase_qmmm_20260630/blind_work/01_system_setup/reactive_pose_seeds/6EQE_BHET_like_E01/REACTIVE_6EQE_BHET_like_E01_002.pdb	3.500	97.32	2	2.944	0.902	trans:-179.1	pass	none	classical_md_candidate
REACTIVE_6EQE_BHET_like_E01_003	6EQE	BHET_like	reactive_geometry_seed	project01/phase2_blind_petase_qmmm_20260630/blind_work/01_system_setup/reactive_pose_seeds/6EQE_BHET_like_E01/REACTIVE_6EQE_BHET_like_E01_003.pdb	2.900	90.74	4	2.944	0.840	trans:-179.1	pass	none	classical_md_candidate
REACTIVE_6EQE_BHET_like_E01_004	6EQE	BHET_like	reactive_geometry_seed	project01/phase2_blind_petase_qmmm_20260630/blind_work/01_system_setup/reactive_pose_seeds/6EQE_BHET_like_E01/REACTIVE_6EQE_BHET_like_E01_004.pdb	2.900	102.94	3	2.944	1.108	trans:-179.1	pass	none	classical_md_candidate
REACTIVE_6EQE_BHET_like_E01_005	6EQE	BHET_like	reactive_geometry_seed	project01/phase2_blind_petase_qmmm_20260630/blind_work/01_system_setup/reactive_pose_seeds/6EQE_BHET_like_E01/REACTIVE_6EQE_BHET_like_E01_005.pdb	2.900	86.38	3	2.944	2.230	trans:-179.1	pass	none	classical_md_candidate
REACTIVE_6EQE_BHET_like_E01_006	6EQE	BHET_like	reactive_geometry_seed	project01/phase2_blind_petase_qmmm_20260630/blind_work/01_system_setup/reactive_pose_seeds/6EQE_BHET_like_E01/REACTIVE_6EQE_BHET_like_E01_006.pdb	3.100	100.36	3	2.944	0.992	trans:-179.1	pass	none	classical_md_candidate
REACTIVE_6EQE_BHET_like_E01_007	6EQE	BHET_like	reactive_geometry_seed	project01/phase2_blind_petase_qmmm_20260630/blind_work/01_system_setup/reactive_pose_seeds/6EQE_BHET_like_E01/REACTIVE_6EQE_BHET_like_E01_007.pdb	3.100	87.70	3	2.944	0.740	trans:-179.1	pass	none	classical_md_candidate
REACTIVE_6EQE_BHET_like_E01_008	6EQE	BHET_like	reactive_geometry_seed	project01/phase2_blind_petase_qmmm_20260630/blind_work/01_system_setup/reactive_pose_seeds/6EQE_BHET_like_E01/REACTIVE_6EQE_BHET_like_E01_008.pdb	3.100	82.94	3	2.944	2.278	trans:-179.1	pass	none	classical_md_candidate
REACTIVE_6EQE_BHET_like_E01_009	6EQE	BHET_like	reactive_geometry_seed	project01/phase2_blind_petase_qmmm_20260630/blind_work/01_system_setup/reactive_pose_seeds/6EQE_BHET_like_E01/REACTIVE_6EQE_BHET_like_E01_009.pdb	3.300	97.78	3	2.944	0.927	trans:-179.1	pass	none	classical_md_candidate
REACTIVE_6EQE_BHET_like_E01_010	6EQE	BHET_like	reactive_geometry_seed	project01/phase2_blind_petase_qmmm_20260630/blind_work/01_system_setup/reactive_pose_seeds/6EQE_BHET_like_E01/REACTIVE_6EQE_BHET_like_E01_010.pdb	3.100	99.52	3	2.944	0.826	trans:-179.1	pass	none	classical_md_candidate
REACTIVE_6EQE_PET_dimer_capped_E03_001	6EQE	PET_dimer_capped	reactive_geometry_seed	project01/phase2_blind_petase_qmmm_20260630/blind_work/01_system_setup/reactive_pose_seeds/6EQE_PET_dimer_capped_E03/REACTIVE_6EQE_PET_dimer_capped_E03_001.pdb	3.300	102.95	2	2.944	1.036	trans:-179.1	pass	none	classical_md_candidate
REACTIVE_6EQE_PET_dimer_capped_E03_002	6EQE	PET_dimer_capped	reactive_geometry_seed	project01/phase2_blind_petase_qmmm_20260630/blind_work/01_system_setup/reactive_pose_seeds/6EQE_PET_dimer_capped_E03/REACTIVE_6EQE_PET_dimer_capped_E03_002.pdb	3.500	97.32	2	2.944	0.905	trans:-179.1	pass	none	classical_md_candidate
REACTIVE_6EQE_PET_dimer_capped_E03_003	6EQE	PET_dimer_capped	reactive_geometry_seed	project01/phase2_blind_petase_qmmm_20260630/blind_work/01_system_setup/reactive_pose_seeds/6EQE_PET_dimer_capped_E03/REACTIVE_6EQE_PET_dimer_capped_E03_003.pdb	2.900	90.74	4	2.944	0.848	trans:-179.1	pass	none	classical_md_candidate
REACTIVE_6EQE_PET_dimer_capped_E03_004	6EQE	PET_dimer_capped	reactive_geometry_seed	project01/phase2_blind_petase_qmmm_20260630/blind_work/01_system_setup/reactive_pose_seeds/6EQE_PET_dimer_capped_E03/REACTIVE_6EQE_PET_dimer_capped_E03_004.pdb	2.900	102.94	3	2.944	1.115	trans:-179.1	pass	none	classical_md_candidate
REACTIVE_6EQE_PET_dimer_capped_E03_005	6EQE	PET_dimer_capped	reactive_geometry_seed	project01/phase2_blind_petase_qmmm_20260630/blind_work/01_system_setup/reactive_pose_seeds/6EQE_PET_dimer_capped_E03/REACTIVE_6EQE_PET_dimer_capped_E03_005.pdb	2.900	86.38	3	2.944	2.237	trans:-179.1	pass	none	classical_md_candidate
REACTIVE_6EQE_PET_dimer_capped_E03_006	6EQE	PET_dimer_capped	reactive_geometry_seed	project01/phase2_blind_petase_qmmm_20260630/blind_work/01_system_setup/reactive_pose_seeds/6EQE_PET_dimer_capped_E03/REACTIVE_6EQE_PET_dimer_capped_E03_006.pdb	3.100	100.36	3	2.944	0.999	trans:-179.1	pass	none	classical_md_candidate
REACTIVE_6EQE_PET_dimer_capped_E03_007	6EQE	PET_dimer_capped	reactive_geometry_seed	project01/phase2_blind_petase_qmmm_20260630/blind_work/01_system_setup/reactive_pose_seeds/6EQE_PET_dimer_capped_E03/REACTIVE_6EQE_PET_dimer_capped_E03_007.pdb	3.100	87.70	3	2.944	0.747	trans:-179.1	pass	none	classical_md_candidate
REACTIVE_6EQE_PET_dimer_capped_E03_008	6EQE	PET_dimer_capped	reactive_geometry_seed	project01/phase2_blind_petase_qmmm_20260630/blind_work/01_system_setup/reactive_pose_seeds/6EQE_PET_dimer_capped_E03/REACTIVE_6EQE_PET_dimer_capped_E03_008.pdb	3.100	82.94	3	2.944	2.285	trans:-179.1	pass	none	classical_md_candidate
REACTIVE_6EQE_PET_dimer_capped_E03_009	6EQE	PET_dimer_capped	reactive_geometry_seed	project01/phase2_blind_petase_qmmm_20260630/blind_work/01_system_setup/reactive_pose_seeds/6EQE_PET_dimer_capped_E03/REACTIVE_6EQE_PET_dimer_capped_E03_009.pdb	3.300	97.78	3	2.944	0.932	trans:-179.1	pass	none	classical_md_candidate
REACTIVE_6EQE_PET_dimer_capped_E03_010	6EQE	PET_dimer_capped	reactive_geometry_seed	project01/phase2_blind_petase_qmmm_20260630/blind_work/01_system_setup/reactive_pose_seeds/6EQE_PET_dimer_capped_E03/REACTIVE_6EQE_PET_dimer_capped_E03_010.pdb	3.100	99.52	3	2.944	0.832	trans:-179.1	pass	none	classical_md_candidate
