pdb	selected_chain	selected_chain_reason	protein_chains	protein_residue_counts	triad	triad_complete	missing_residue_count	missing_residues	missing_atom_count	missing_atoms	altloc_residue_count	altloc_residues	nonwater_heterogens	ssbond_record_count	geometric_cys_sg_pairs	water_count	catalytic_water_candidate_count	prep_status
5XJH	A	contains_consistent_SerHisAsp_triad	A	A:263	A:SER160-HIS237-ASP206	yes	37	A:MET13;A:GLY14;A:SER15;A:SER16;A:HIS17;A:HIS18;A:HIS19;A:HIS20;A:HIS21;A:HIS22;A:SER23;A:SER24;A:GLY25;A:LEU26;A:VAL27;A:PRO28;A:ARG29;A:ASP293;A:PRO294;A:ALA295	0		0			2	A:CYS203-A:CYS239:2.12A;A:CYS273-A:CYS289:2.05A	142	3	audit_only_needs_manual_preparation
5YFE	A	contains_consistent_SerHisAsp_triad	A	A:268	A:SER134-HIS211-ASP180	yes	4	A:HIS269;A:HIS270;A:HIS271;A:HIS272	0		0		GOL:A;SO4:A	2	A:CYS177-A:CYS213:2.04A;A:CYS247-A:CYS263:2.08A	69	0	audit_only_needs_manual_preparation
6EQD	A	contains_consistent_SerHisAsp_triad	A;B;C	A:263;B:264;C:263	A:SER160-HIS237-ASP206	yes	104	A:MET1;A:ASN2;A:PHE3;A:PRO4;A:ARG5;A:ALA6;A:SER7;A:ARG8;A:LEU9;A:MET10;A:GLN11;A:ALA12;A:ALA13;A:VAL14;A:LEU15;A:GLY16;A:GLY17;A:LEU18;A:MET19;A:ALA20	0		0		CL:B,C	6	A:CYS203-A:CYS239:2.04A;A:CYS273-A:CYS289:2.03A;B:CYS203-B:CYS239:2.03A;B:CYS273-B:CYS289:2.03A;C:CYS203-C:CYS239:2.03A;C:CYS273-C:CYS289:2.03A	812	4	audit_only_needs_manual_preparation
6EQE	A	contains_consistent_SerHisAsp_triad	A	A:265	A:SER160-HIS237-ASP206	yes	33	A:MET1;A:ASN2;A:PHE3;A:PRO4;A:ARG5;A:ALA6;A:SER7;A:ARG8;A:LEU9;A:MET10;A:GLN11;A:ALA12;A:ALA13;A:VAL14;A:LEU15;A:GLY16;A:GLY17;A:LEU18;A:MET19;A:ALA20	0		26	A:SER46:A,B;A:ARG53:A,B,C;A:ARG59:A,B;A:SER92:A,B;A:ILE94:A,B;A:LYS95:A,B;A:SER121:A,B,C;A:ARG132:A,B;A:SER136:A,B,C;A:LYS148:A,B;A:SER175:A,B;A:LYS177:A,B;A:SER187:A,B;A:SER188:A,B;A:THR189:A,B;A:ILE200:A,B;A:SER207:A,B;A:SER214:A,B,C;A:SER223:A,B;A:ARG224:A,B	CL:A;NA:A	2	A:CYS203-A:CYS239:2.05A;A:CYS273-A:CYS289:2.05A	393	2	audit_only_needs_manual_preparation
6EQF	A	contains_consistent_SerHisAsp_triad	A	A:269	A:SER160-HIS237-ASP206	yes	29	A:MET1;A:ASN2;A:PHE3;A:PRO4;A:ARG5;A:ALA6;A:SER7;A:ARG8;A:LEU9;A:MET10;A:GLN11;A:ALA12;A:ALA13;A:VAL14;A:LEU15;A:GLY16;A:GLY17;A:LEU18;A:MET19;A:ALA20	0		5	A:THR56:A,B;A:SER121:A,B,C;A:ASN212:A,B;A:SER214:A,B;A:GLU274:A,B	CL:A	2	A:CYS203-A:CYS239:2.05A;A:CYS273-A:CYS289:2.05A	325	2	audit_only_needs_manual_preparation
6EQG	A	contains_consistent_SerHisAsp_triad	A;B;C	A:262;B:262;C:263	A:SER160-HIS237-ASP206	yes	107	A:MET1;A:ASN2;A:PHE3;A:PRO4;A:ARG5;A:ALA6;A:SER7;A:ARG8;A:LEU9;A:MET10;A:GLN11;A:ALA12;A:ALA13;A:VAL14;A:LEU15;A:GLY16;A:GLY17;A:LEU18;A:MET19;A:ALA20	0		5	B:ILE94:A,B;B:SER238:A,B;C:SER92:A,B;C:SER125:A,B;C:SER214:A,B	CL:A,B;SO4:B	6	A:CYS203-A:CYS239:2.04A;A:CYS273-A:CYS289:2.04A;B:CYS203-B:CYS239:2.04A;B:CYS273-B:CYS289:2.04A;C:CYS203-C:CYS239:2.04A;C:CYS273-C:CYS289:2.04A	1153	3	audit_only_needs_manual_preparation
6EQH	A	contains_consistent_SerHisAsp_triad	A;B;C	A:263;B:264;C:262	A:SER160-HIS237-ASP206	yes	105	A:MET1;A:ASN2;A:PHE3;A:PRO4;A:ARG5;A:ALA6;A:SER7;A:ARG8;A:LEU9;A:MET10;A:GLN11;A:ALA12;A:ALA13;A:VAL14;A:LEU15;A:GLY16;A:GLY17;A:LEU18;A:MET19;A:ALA20	0		11	A:SER42:A,B;A:SER238:A,B;A:MET258:A,B;A:MET262:A,B;B:SER121:A,B;B:SER238:A,B;B:MET258:A,B;B:MET262:A,B;C:SER121:A,B;C:SER187:A,B;C:ASN212:A,B		6	A:CYS203-A:CYS239:2.06A;A:CYS273-A:CYS289:2.04A;B:CYS203-B:CYS239:2.07A;B:CYS273-B:CYS289:2.03A;C:CYS203-C:CYS239:2.06A;C:CYS273-C:CYS289:2.05A	990	4	audit_only_needs_manual_preparation
6ILW	A	contains_consistent_SerHisAsp_triad	A	A:265	A:SER160-HIS237-ASP206	yes	5	A:MET27;A:GLN28;A:HIS294;A:HIS295;A:HIS296	0		1	A:SER175:A,B	CL:A;NA:A	2	A:CYS203-A:CYS239:2.10A;A:CYS273-A:CYS289:2.15A	296	3	audit_only_needs_manual_preparation
6QGC	A	contains_consistent_SerHisAsp_triad	A;B;C;D	A:262;B:261;C:262;D:261	A:SER160-HIS237-ASP206	yes	114	A:MET1;A:ASN2;A:PHE3;A:PRO4;A:ARG5;A:ALA6;A:SER7;A:ARG8;A:LEU9;A:MET10;A:GLN11;A:ALA12;A:ALA13;A:VAL14;A:LEU15;A:GLY16;A:GLY17;A:LEU18;A:MET19;A:ALA20	1	C:GLN28:CD   OE1  NE2	3	B:THR113:A,B;C:SER214:A,B;D:SER166:A,B	CL:A,B,C,D;SO4:A,C	8	A:CYS203-A:CYS239:2.04A;A:CYS273-A:CYS289:2.10A;B:CYS203-B:CYS239:2.10A;B:CYS273-B:CYS289:2.11A;C:CYS203-C:CYS239:2.05A;C:CYS273-C:CYS289:2.10A;D:CYS203-D:CYS239:2.10A;D:CYS273-D:CYS289:2.13A	454	2	audit_only_needs_manual_preparation
