pdb	prepared_pdb	residue	resname	default_pH7_state	proposed_stage1_state	sensitivity_required	nearest_triad_distance_A	nearest_triad_atom	nearest_triad_target	nearest_environment_target	selection_reason	note
5XJH	work\blind_work\01_system_setup\prepared_initial_pdbs\5XJH_chainA_initial_clean_v2.pdb	A:HIS32	HIS	neutral_tautomer_to_assign	HIE_candidate_epsilon_protonated_ND1_acceptor	yes	31.57	ND1	A:SER160:OG	A:HOH481:O	all_histidines_require_tautomer_assignment	ND1_nearest=30.87A_to_A:HOH481:O;NE2_nearest=32.63A_to_A:HOH481:O
5XJH	work\blind_work\01_system_setup\prepared_initial_pdbs\5XJH_chainA_initial_clean_v2.pdb	A:HIS104	HIS	neutral_tautomer_to_assign	HID_candidate_delta_protonated_NE2_acceptor	yes	24.79	NE2	A:ASP206:OD2	A:HOH481:O	all_histidines_require_tautomer_assignment	ND1_nearest=24.71A_to_A:HOH481:O;NE2_nearest=23.54A_to_A:HOH481:O
5XJH	work\blind_work\01_system_setup\prepared_initial_pdbs\5XJH_chainA_initial_clean_v2.pdb	A:CYS203	CYS	neutral_thiol	neutral_thiol	no	4.71	SG	A:ASP206:OD2	A:HOH481:O	within_8A_of_triad	
5XJH	work\blind_work\01_system_setup\prepared_initial_pdbs\5XJH_chainA_initial_clean_v2.pdb	A:ASP206	ASP	deprotonated_minus1	catalytic_ASP_deprotonated_primary	yes	0.00	OD2	A:ASP206:OD2	A:ASP206:OD2	catalytic_triad_member;within_8A_of_triad	also_test_neutral_ASP_if_His_Asp_Hbond_network_forces_it
5XJH	work\blind_work\01_system_setup\prepared_initial_pdbs\5XJH_chainA_initial_clean_v2.pdb	A:HIS237	HIS	neutral_tautomer_to_assign	catalytic_HIS_neutral_tautomer_sensitivity_required	yes	0.00	ND1	A:HIS237:ND1	A:HIS237:ND1	catalytic_triad_member;within_8A_of_triad;all_histidines_require_tautomer_assignment	test_HID_vs_HIE_vs_HIP_only_if_pH_or_network_supports
5XJH	work\blind_work\01_system_setup\prepared_initial_pdbs\5XJH_chainA_initial_clean_v2.pdb	A:CYS239	CYS	neutral_thiol	neutral_thiol	no	6.75	SG	A:ASP206:OD2	A:HOH481:O	within_8A_of_triad	
5YFE	work\blind_work\01_system_setup\prepared_initial_pdbs\5YFE_chainA_initial_clean_v2.pdb	A:HIS78	HIS	neutral_tautomer_to_assign	HID_candidate_delta_protonated_NE2_acceptor	yes	24.97	NE2	A:ASP180:OD2	A:ASP180:OD2	all_histidines_require_tautomer_assignment	ND1_nearest=26.23A_to_A:ASP180:OD2;NE2_nearest=24.97A_to_A:ASP180:OD2
5YFE	work\blind_work\01_system_setup\prepared_initial_pdbs\5YFE_chainA_initial_clean_v2.pdb	A:CYS177	CYS	neutral_thiol	neutral_thiol	no	4.78	SG	A:ASP180:OD2	A:ASP180:OD2	within_8A_of_triad	
5YFE	work\blind_work\01_system_setup\prepared_initial_pdbs\5YFE_chainA_initial_clean_v2.pdb	A:ASP180	ASP	deprotonated_minus1	catalytic_ASP_deprotonated_primary	yes	0.00	OD2	A:ASP180:OD2	A:ASP180:OD2	catalytic_triad_member;within_8A_of_triad	also_test_neutral_ASP_if_His_Asp_Hbond_network_forces_it
5YFE	work\blind_work\01_system_setup\prepared_initial_pdbs\5YFE_chainA_initial_clean_v2.pdb	A:HIS211	HIS	neutral_tautomer_to_assign	catalytic_HIS_neutral_tautomer_sensitivity_required	yes	0.00	ND1	A:HIS211:ND1	A:HIS211:ND1	catalytic_triad_member;within_8A_of_triad;all_histidines_require_tautomer_assignment	test_HID_vs_HIE_vs_HIP_only_if_pH_or_network_supports
5YFE	work\blind_work\01_system_setup\prepared_initial_pdbs\5YFE_chainA_initial_clean_v2.pdb	A:CYS213	CYS	neutral_thiol	neutral_thiol	no	6.73	SG	A:ASP180:OD2	A:ASP180:OD2	within_8A_of_triad	
5YFE	work\blind_work\01_system_setup\prepared_initial_pdbs\5YFE_chainA_initial_clean_v2.pdb	A:HIS267	HIS	neutral_tautomer_to_assign	HID_candidate_delta_protonated_NE2_acceptor	yes	35.44	NE2	A:ASP180:OD2	A:ASP180:OD2	all_histidines_require_tautomer_assignment	ND1_nearest=36.53A_to_A:ASP180:OD2;NE2_nearest=35.44A_to_A:ASP180:OD2
5YFE	work\blind_work\01_system_setup\prepared_initial_pdbs\5YFE_chainA_initial_clean_v2.pdb	A:HIS268	HIS	neutral_tautomer_to_assign	HID_candidate_delta_protonated_NE2_acceptor	yes	33.44	NE2	A:ASP180:OD2	A:ASP180:OD2	all_histidines_require_tautomer_assignment	ND1_nearest=35.35A_to_A:ASP180:OD2;NE2_nearest=33.44A_to_A:ASP180:OD2
6EQD	work\blind_work\01_system_setup\prepared_initial_pdbs\6EQD_chainA_initial_clean_v2.pdb	A:HIS104	HIS	neutral_tautomer_to_assign	HID_candidate_delta_protonated_NE2_acceptor	yes	24.98	NE2	A:ASP206:OD2	A:HOH388:O	all_histidines_require_tautomer_assignment	ND1_nearest=24.76A_to_A:HOH388:O;NE2_nearest=23.66A_to_A:HOH388:O
6EQD	work\blind_work\01_system_setup\prepared_initial_pdbs\6EQD_chainA_initial_clean_v2.pdb	A:ARG123	ARG	protonated_plus1	protonated_plus1	no	7.99	NE	A:SER160:OG	A:HOH305:O	within_8A_of_triad	
6EQD	work\blind_work\01_system_setup\prepared_initial_pdbs\6EQD_chainA_initial_clean_v2.pdb	A:CYS203	CYS	neutral_thiol	neutral_thiol	no	4.68	SG	A:ASP206:OD2	A:HOH388:O	within_8A_of_triad	
6EQD	work\blind_work\01_system_setup\prepared_initial_pdbs\6EQD_chainA_initial_clean_v2.pdb	A:ASP206	ASP	deprotonated_minus1	catalytic_ASP_deprotonated_primary	yes	0.00	OD2	A:ASP206:OD2	A:ASP206:OD2	catalytic_triad_member;within_8A_of_triad	also_test_neutral_ASP_if_His_Asp_Hbond_network_forces_it
6EQD	work\blind_work\01_system_setup\prepared_initial_pdbs\6EQD_chainA_initial_clean_v2.pdb	A:HIS237	HIS	neutral_tautomer_to_assign	catalytic_HIS_neutral_tautomer_sensitivity_required	yes	0.00	ND1	A:HIS237:ND1	A:HIS237:ND1	catalytic_triad_member;within_8A_of_triad;all_histidines_require_tautomer_assignment	test_HID_vs_HIE_vs_HIP_only_if_pH_or_network_supports
6EQD	work\blind_work\01_system_setup\prepared_initial_pdbs\6EQD_chainA_initial_clean_v2.pdb	A:CYS239	CYS	neutral_thiol	neutral_thiol	no	6.68	SG	A:ASP206:OD2	A:HOH388:O	within_8A_of_triad	
6EQE	work\blind_work\01_system_setup\prepared_initial_pdbs\6EQE_chainA_initial_clean_v2.pdb	A:HIS104	HIS	neutral_tautomer_to_assign	HID_candidate_delta_protonated_NE2_acceptor	yes	24.94	NE2	A:ASP206:OD2	A:HOH587:O	all_histidines_require_tautomer_assignment	ND1_nearest=24.82A_to_A:HOH587:O;NE2_nearest=23.61A_to_A:HOH587:O
6EQE	work\blind_work\01_system_setup\prepared_initial_pdbs\6EQE_chainA_initial_clean_v2.pdb	A:CYS203	CYS	neutral_thiol	neutral_thiol	no	4.85	SG	A:ASP206:OD2	A:HOH587:O	within_8A_of_triad	
6EQE	work\blind_work\01_system_setup\prepared_initial_pdbs\6EQE_chainA_initial_clean_v2.pdb	A:ASP206	ASP	deprotonated_minus1	catalytic_ASP_deprotonated_primary	yes	0.00	OD2	A:ASP206:OD2	A:ASP206:OD2	catalytic_triad_member;within_8A_of_triad	also_test_neutral_ASP_if_His_Asp_Hbond_network_forces_it
6EQE	work\blind_work\01_system_setup\prepared_initial_pdbs\6EQE_chainA_initial_clean_v2.pdb	A:HIS237	HIS	neutral_tautomer_to_assign	catalytic_HIS_neutral_tautomer_sensitivity_required	yes	0.00	ND1	A:HIS237:ND1	A:HIS237:ND1	catalytic_triad_member;within_8A_of_triad;all_histidines_require_tautomer_assignment	test_HID_vs_HIE_vs_HIP_only_if_pH_or_network_supports
6EQE	work\blind_work\01_system_setup\prepared_initial_pdbs\6EQE_chainA_initial_clean_v2.pdb	A:CYS239	CYS	neutral_thiol	neutral_thiol	no	6.84	SG	A:ASP206:OD2	A:HOH587:O	within_8A_of_triad	
6EQE	work\blind_work\01_system_setup\prepared_initial_pdbs\6EQE_chainA_initial_clean_v2.pdb	A:HIS293	HIS	neutral_tautomer_to_assign	HIS_tautomer_ambiguous_sensitivity_required	yes	39.88	ND1	A:ASP206:OD2	A:HOH587:O	all_histidines_require_tautomer_assignment	ND1_nearest=37.10A_to_A:HOH587:O;NE2_nearest=37.16A_to_A:HOH587:O
6EQF	work\blind_work\01_system_setup\prepared_initial_pdbs\6EQF_chainA_initial_clean_v2.pdb	A:HIS104	HIS	neutral_tautomer_to_assign	HID_candidate_delta_protonated_NE2_acceptor	yes	24.85	NE2	A:ASP206:OD2	A:HOH532:O	all_histidines_require_tautomer_assignment	ND1_nearest=24.79A_to_A:HOH532:O;NE2_nearest=23.65A_to_A:HOH532:O
6EQF	work\blind_work\01_system_setup\prepared_initial_pdbs\6EQF_chainA_initial_clean_v2.pdb	A:CYS203	CYS	neutral_thiol	neutral_thiol	no	4.85	SG	A:ASP206:OD2	A:HOH532:O	within_8A_of_triad	
6EQF	work\blind_work\01_system_setup\prepared_initial_pdbs\6EQF_chainA_initial_clean_v2.pdb	A:ASP206	ASP	deprotonated_minus1	catalytic_ASP_deprotonated_primary	yes	0.00	OD2	A:ASP206:OD2	A:ASP206:OD2	catalytic_triad_member;within_8A_of_triad	also_test_neutral_ASP_if_His_Asp_Hbond_network_forces_it
6EQF	work\blind_work\01_system_setup\prepared_initial_pdbs\6EQF_chainA_initial_clean_v2.pdb	A:HIS237	HIS	neutral_tautomer_to_assign	catalytic_HIS_neutral_tautomer_sensitivity_required	yes	0.00	ND1	A:HIS237:ND1	A:HIS237:ND1	catalytic_triad_member;within_8A_of_triad;all_histidines_require_tautomer_assignment	test_HID_vs_HIE_vs_HIP_only_if_pH_or_network_supports
6EQF	work\blind_work\01_system_setup\prepared_initial_pdbs\6EQF_chainA_initial_clean_v2.pdb	A:CYS239	CYS	neutral_thiol	neutral_thiol	no	6.83	SG	A:ASP206:OD2	A:HOH532:O	within_8A_of_triad	
6EQF	work\blind_work\01_system_setup\prepared_initial_pdbs\6EQF_chainA_initial_clean_v2.pdb	A:HIS293	HIS	neutral_tautomer_to_assign	HIS_tautomer_ambiguous_sensitivity_required	yes	37.00	ND1	A:ASP206:OD2	A:HOH532:O	all_histidines_require_tautomer_assignment	ND1_nearest=34.29A_to_A:HOH532:O;NE2_nearest=34.38A_to_A:HOH532:O
6EQF	work\blind_work\01_system_setup\prepared_initial_pdbs\6EQF_chainA_initial_clean_v2.pdb	A:HIS294	HIS	neutral_tautomer_to_assign	HIE_candidate_epsilon_protonated_ND1_acceptor	yes	30.67	ND1	A:ASP206:OD2	A:HOH532:O	all_histidines_require_tautomer_assignment	ND1_nearest=27.86A_to_A:HOH532:O;NE2_nearest=28.74A_to_A:HOH532:O
6EQF	work\blind_work\01_system_setup\prepared_initial_pdbs\6EQF_chainA_initial_clean_v2.pdb	A:HIS295	HIS	neutral_tautomer_to_assign	HID_candidate_delta_protonated_NE2_acceptor	yes	27.47	NE2	A:ASP206:OD2	A:HOH532:O	all_histidines_require_tautomer_assignment	ND1_nearest=26.27A_to_A:HOH532:O;NE2_nearest=24.81A_to_A:HOH532:O
6EQF	work\blind_work\01_system_setup\prepared_initial_pdbs\6EQF_chainA_initial_clean_v2.pdb	A:HIS296	HIS	neutral_tautomer_to_assign	HIE_candidate_epsilon_protonated_ND1_acceptor	yes	34.26	ND1	A:ASP206:OD2	A:HOH532:O	all_histidines_require_tautomer_assignment	ND1_nearest=31.49A_to_A:HOH532:O;NE2_nearest=31.95A_to_A:HOH532:O
6EQF	work\blind_work\01_system_setup\prepared_initial_pdbs\6EQF_chainA_initial_clean_v2.pdb	A:HIS297	HIS	neutral_tautomer_to_assign	HIE_candidate_epsilon_protonated_ND1_acceptor	yes	28.53	ND1	A:ASP206:OD2	A:HOH532:O	all_histidines_require_tautomer_assignment	ND1_nearest=25.97A_to_A:HOH532:O;NE2_nearest=26.70A_to_A:HOH532:O
6EQG	work\blind_work\01_system_setup\prepared_initial_pdbs\6EQG_chainA_initial_clean_v2.pdb	A:HIS104	HIS	neutral_tautomer_to_assign	HID_candidate_delta_protonated_NE2_acceptor	yes	24.83	NE2	A:ASP206:OD2	A:HOH527:O	all_histidines_require_tautomer_assignment	ND1_nearest=24.56A_to_A:HOH527:O;NE2_nearest=23.46A_to_A:HOH527:O
6EQG	work\blind_work\01_system_setup\prepared_initial_pdbs\6EQG_chainA_initial_clean_v2.pdb	A:CYS203	CYS	neutral_thiol	neutral_thiol	no	4.72	SG	A:ASP206:OD2	A:HOH527:O	within_8A_of_triad	
6EQG	work\blind_work\01_system_setup\prepared_initial_pdbs\6EQG_chainA_initial_clean_v2.pdb	A:ASP206	ASP	deprotonated_minus1	catalytic_ASP_deprotonated_primary	yes	0.00	OD2	A:ASP206:OD2	A:ASP206:OD2	catalytic_triad_member;within_8A_of_triad	also_test_neutral_ASP_if_His_Asp_Hbond_network_forces_it
6EQG	work\blind_work\01_system_setup\prepared_initial_pdbs\6EQG_chainA_initial_clean_v2.pdb	A:HIS237	HIS	neutral_tautomer_to_assign	catalytic_HIS_neutral_tautomer_sensitivity_required	yes	0.00	ND1	A:HIS237:ND1	A:HIS237:ND1	catalytic_triad_member;within_8A_of_triad;all_histidines_require_tautomer_assignment	test_HID_vs_HIE_vs_HIP_only_if_pH_or_network_supports
6EQG	work\blind_work\01_system_setup\prepared_initial_pdbs\6EQG_chainA_initial_clean_v2.pdb	A:CYS239	CYS	neutral_thiol	neutral_thiol	no	6.74	SG	A:ASP206:OD2	A:HOH527:O	within_8A_of_triad	
6EQH	work\blind_work\01_system_setup\prepared_initial_pdbs\6EQH_chainA_initial_clean_v2.pdb	A:HIS104	HIS	neutral_tautomer_to_assign	HID_candidate_delta_protonated_NE2_acceptor	yes	24.93	NE2	A:HIS237:ND1	A:HOH452:O	all_histidines_require_tautomer_assignment	ND1_nearest=24.84A_to_A:HOH452:O;NE2_nearest=23.64A_to_A:HOH452:O
6EQH	work\blind_work\01_system_setup\prepared_initial_pdbs\6EQH_chainA_initial_clean_v2.pdb	A:ARG123	ARG	protonated_plus1	protonated_plus1	no	7.92	NE	A:SER160:OG	A:HOH355:O	within_8A_of_triad	
6EQH	work\blind_work\01_system_setup\prepared_initial_pdbs\6EQH_chainA_initial_clean_v2.pdb	A:CYS203	CYS	neutral_thiol	neutral_thiol	no	4.83	SG	A:ASP206:OD2	A:HOH452:O	within_8A_of_triad	
6EQH	work\blind_work\01_system_setup\prepared_initial_pdbs\6EQH_chainA_initial_clean_v2.pdb	A:ASP206	ASP	deprotonated_minus1	catalytic_ASP_deprotonated_primary	yes	0.00	OD2	A:ASP206:OD2	A:ASP206:OD2	catalytic_triad_member;within_8A_of_triad	also_test_neutral_ASP_if_His_Asp_Hbond_network_forces_it
6EQH	work\blind_work\01_system_setup\prepared_initial_pdbs\6EQH_chainA_initial_clean_v2.pdb	A:HIS237	HIS	neutral_tautomer_to_assign	catalytic_HIS_neutral_tautomer_sensitivity_required	yes	0.00	ND1	A:HIS237:ND1	A:HIS237:ND1	catalytic_triad_member;within_8A_of_triad;all_histidines_require_tautomer_assignment	test_HID_vs_HIE_vs_HIP_only_if_pH_or_network_supports
6EQH	work\blind_work\01_system_setup\prepared_initial_pdbs\6EQH_chainA_initial_clean_v2.pdb	A:CYS239	CYS	neutral_thiol	neutral_thiol	no	6.85	SG	A:ASP206:OD2	A:HOH452:O	within_8A_of_triad	
6ILW	work\blind_work\01_system_setup\prepared_initial_pdbs\6ILW_chainA_initial_clean_v2.pdb	A:HIS104	HIS	neutral_tautomer_to_assign	HID_candidate_delta_protonated_NE2_acceptor	yes	25.01	NE2	A:ASP206:OD2	A:HOH540:O	all_histidines_require_tautomer_assignment	ND1_nearest=24.80A_to_A:HOH540:O;NE2_nearest=23.69A_to_A:HOH540:O
6ILW	work\blind_work\01_system_setup\prepared_initial_pdbs\6ILW_chainA_initial_clean_v2.pdb	A:CYS203	CYS	neutral_thiol	neutral_thiol	no	4.78	SG	A:ASP206:OD2	A:HOH540:O	within_8A_of_triad	
6ILW	work\blind_work\01_system_setup\prepared_initial_pdbs\6ILW_chainA_initial_clean_v2.pdb	A:ASP206	ASP	deprotonated_minus1	catalytic_ASP_deprotonated_primary	yes	0.00	OD2	A:ASP206:OD2	A:ASP206:OD2	catalytic_triad_member;within_8A_of_triad	also_test_neutral_ASP_if_His_Asp_Hbond_network_forces_it
6ILW	work\blind_work\01_system_setup\prepared_initial_pdbs\6ILW_chainA_initial_clean_v2.pdb	A:HIS237	HIS	neutral_tautomer_to_assign	catalytic_HIS_neutral_tautomer_sensitivity_required	yes	0.00	ND1	A:HIS237:ND1	A:HIS237:ND1	catalytic_triad_member;within_8A_of_triad;all_histidines_require_tautomer_assignment	test_HID_vs_HIE_vs_HIP_only_if_pH_or_network_supports
6ILW	work\blind_work\01_system_setup\prepared_initial_pdbs\6ILW_chainA_initial_clean_v2.pdb	A:CYS239	CYS	neutral_thiol	neutral_thiol	no	6.83	SG	A:ASP206:OD2	A:HOH540:O	within_8A_of_triad	
6ILW	work\blind_work\01_system_setup\prepared_initial_pdbs\6ILW_chainA_initial_clean_v2.pdb	A:HIS291	HIS	neutral_tautomer_to_assign	HIE_candidate_epsilon_protonated_ND1_acceptor	yes	32.87	ND1	A:ASP206:OD2	A:HOH540:O	all_histidines_require_tautomer_assignment	ND1_nearest=30.14A_to_A:HOH540:O;NE2_nearest=32.09A_to_A:HOH540:O
6ILW	work\blind_work\01_system_setup\prepared_initial_pdbs\6ILW_chainA_initial_clean_v2.pdb	A:HIS292	HIS	neutral_tautomer_to_assign	HID_candidate_delta_protonated_NE2_acceptor	yes	29.90	NE2	A:ASP206:OD2	A:HOH540:O	all_histidines_require_tautomer_assignment	ND1_nearest=28.73A_to_A:HOH540:O;NE2_nearest=27.02A_to_A:HOH540:O
6ILW	work\blind_work\01_system_setup\prepared_initial_pdbs\6ILW_chainA_initial_clean_v2.pdb	A:HIS293	HIS	neutral_tautomer_to_assign	HIE_candidate_epsilon_protonated_ND1_acceptor	yes	39.55	ND1	A:ASP206:OD2	A:HOH540:O	all_histidines_require_tautomer_assignment	ND1_nearest=36.76A_to_A:HOH540:O;NE2_nearest=38.64A_to_A:HOH540:O
6QGC	work\blind_work\01_system_setup\prepared_initial_pdbs\6QGC_chainA_initial_clean_v2.pdb	A:HIS104	HIS	neutral_tautomer_to_assign	HID_candidate_delta_protonated_NE2_acceptor	yes	24.87	NE2	A:ASP206:OD2	A:HOH456:O	all_histidines_require_tautomer_assignment	ND1_nearest=24.79A_to_A:HOH456:O;NE2_nearest=23.51A_to_A:HOH456:O
6QGC	work\blind_work\01_system_setup\prepared_initial_pdbs\6QGC_chainA_initial_clean_v2.pdb	A:CYS203	CYS	neutral_thiol	neutral_thiol	no	4.76	SG	A:ASP206:OD2	A:HOH456:O	within_8A_of_triad	
6QGC	work\blind_work\01_system_setup\prepared_initial_pdbs\6QGC_chainA_initial_clean_v2.pdb	A:ASP206	ASP	deprotonated_minus1	catalytic_ASP_deprotonated_primary	yes	0.00	OD2	A:ASP206:OD2	A:ASP206:OD2	catalytic_triad_member;within_8A_of_triad	also_test_neutral_ASP_if_His_Asp_Hbond_network_forces_it
6QGC	work\blind_work\01_system_setup\prepared_initial_pdbs\6QGC_chainA_initial_clean_v2.pdb	A:HIS237	HIS	neutral_tautomer_to_assign	catalytic_HIS_neutral_tautomer_sensitivity_required	yes	0.00	ND1	A:HIS237:ND1	A:HIS237:ND1	catalytic_triad_member;within_8A_of_triad;all_histidines_require_tautomer_assignment	test_HID_vs_HIE_vs_HIP_only_if_pH_or_network_supports
6QGC	work\blind_work\01_system_setup\prepared_initial_pdbs\6QGC_chainA_initial_clean_v2.pdb	A:CYS239	CYS	neutral_thiol	neutral_thiol	no	6.75	SG	A:ASP206:OD2	A:HOH456:O	within_8A_of_triad	
