pdb	ser	his	asp	ser_his_min_A	ser_his_atoms	his_asp_min_A	his_asp_atoms
5XJH	A:SER160	A:HIS237	A:ASP206	2.92	OG-NE2	2.67	ND1-OD2
5YFE	A:SER134	A:HIS211	A:ASP180	2.58	OG-NE2	2.84	ND1-OD2
6EQD	C:SER160	C:HIS237	C:ASP206	2.58	OG-NE2	2.64	ND1-OD2
6EQD	B:SER160	B:HIS237	B:ASP206	2.69	OG-NE2	2.63	ND1-OD2
6EQD	A:SER160	A:HIS237	A:ASP206	2.69	OG-NE2	2.74	ND1-OD2
6EQE	A:SER160	A:HIS237	A:ASP206	2.94	OG-NE2	2.66	ND1-OD2
6EQF	A:SER160	A:HIS237	A:ASP206	2.89	OG-NE2	2.59	ND1-OD2
6EQG	A:SER160	A:HIS237	A:ASP206	2.82	OG-NE2	2.62	ND1-OD2
6EQG	C:SER160	C:HIS237	C:ASP206	2.92	OG-NE2	2.57	ND1-OD2
6EQG	B:SER160	B:HIS237	B:ASP206	2.96	OG-NE2	2.65	ND1-OD2
6EQH	B:SER160	B:HIS237	B:ASP206	2.76	OG-NE2	2.68	ND1-OD2
6EQH	C:SER160	C:HIS237	C:ASP206	2.74	OG-NE2	2.72	ND1-OD2
6EQH	A:SER160	A:HIS237	A:ASP206	2.77	OG-NE2	2.72	ND1-OD2
6ILW	A:SER160	A:HIS237	A:ASP206	3.00	OG-NE2	2.67	ND1-OD2
6QGC	D:SER160	D:HIS237	D:ASP206	2.84	OG-NE2	2.56	ND1-OD2
6QGC	C:SER160	C:HIS237	C:ASP206	3.01	OG-NE2	2.49	ND1-OD2
6QGC	A:SER160	A:HIS237	A:ASP206	3.06	OG-NE2	2.53	ND1-OD2
6QGC	B:SER160	B:HIS237	B:ASP206	2.99	OG-NE2	2.65	ND1-OD2
