resi	aa	fixed	reasons
36	SER	0	
37	ASN	0	
38	PRO	0	
39	TYR	0	
40	GLN	0	
41	ARG	0	
42	GLY	1	high_conservation
43	PRO	0	
44	ASN	0	
45	PRO	1	high_conservation
46	THR	1	high_conservation
47	ARG	0	
48	SER	0	
49	ALA	0	
50	LEU	0	
51	THR	0	
52	ALA	0	
53	ASP	0	
54	GLY	1	high_conservation
55	PRO	0	
56	PHE	0	
57	SER	0	
58	VAL	0	
59	ALA	0	
60	THR	0	
61	TYR	0	
62	THR	0	
63	VAL	0	
64	SER	0	
65	ARG	0	
66	LEU	0	
67	SER	0	
68	VAL	0	
69	SER	0	
70	GLY	1	high_conservation
71	PHE	0	
72	GLY	1	high_conservation
73	GLY	0	
74	GLY	1	high_conservation
75	VAL	0	
76	ILE	0	
77	TYR	0	
78	TYR	0	
79	PRO	1	high_conservation
80	THR	0	
81	GLY	0	
82	THR	0	
83	SER	0	
84	LEU	0	
85	THR	0	
86	PHE	0	
87	GLY	0	
88	GLY	0	
89	ILE	0	
90	ALA	0	
91	MET	0	
92	SER	0	
93	PRO	1	high_conservation
94	GLY	1	new_LG1_5A_pocket,high_conservation
95	TYR	1	new_LG1_5A_pocket
96	THR	1	new_LG1_5A_pocket
97	ALA	1	new_LG1_5A_pocket
98	ASP	0	
99	ALA	0	
100	SER	1	new_LG1_5A_pocket
101	SER	1	new_LG1_5A_pocket
102	LEU	0	
103	ALA	0	
104	TRP	0	
105	LEU	0	
106	GLY	1	high_conservation
107	ARG	0	
108	ARG	0	
109	LEU	0	
110	ALA	1	high_conservation
111	SER	1	high_conservation
112	HIS	0	
113	GLY	1	high_conservation
114	PHE	1	high_conservation
115	VAL	1	high_conservation
116	VAL	1	high_conservation
117	LEU	0	
118	VAL	0	
119	ILE	0	
120	ASN	0	
121	THR	1	high_conservation
122	ASN	0	
123	SER	0	
124	ARG	0	
125	PHE	0	
126	ASP	1	high_conservation
127	GLY	0	
128	PRO	0	
129	ASP	0	
130	SER	0	
131	ARG	1	high_conservation
132	ALA	0	
133	SER	0	
134	GLN	0	
135	LEU	0	
136	SER	0	
137	ALA	0	
138	ALA	1	high_conservation
139	LEU	1	high_conservation
140	ASN	0	
141	TYR	0	
142	LEU	0	
143	ARG	0	
144	THR	0	
145	SER	0	
146	SER	0	
147	PRO	0	
148	SER	0	
149	ALA	0	
150	VAL	0	
151	ARG	0	
152	ALA	0	
153	ARG	0	
154	LEU	0	
155	ASP	1	high_conservation
156	ALA	0	
157	ASN	0	
158	ARG	1	high_conservation
159	LEU	0	
160	ALA	0	
161	VAL	1	high_conservation
162	ALA	0	
163	GLY	1	high_conservation
164	HIS	0	
165	SER	1	catalytic,new_LG1_5A_pocket,high_conservation
166	MET	1	new_LG1_5A_pocket,high_conservation
167	GLY	1	high_conservation
168	GLY	1	high_conservation
169	GLY	1	high_conservation
170	GLY	0	
171	THR	0	
172	LEU	0	
173	ARG	0	
174	ILE	0	
175	ALA	1	high_conservation
176	GLU	0	
177	GLN	0	
178	ASN	0	
179	PRO	0	
180	SER	0	
181	LEU	0	
182	LYS	0	
183	ALA	1	high_conservation
184	ALA	0	
185	VAL	0	
186	PRO	0	
187	LEU	0	
188	THR	0	
189	PRO	0	
190	TRP	1	new_LG1_5A_pocket
191	HIS	0	
192	THR	0	
193	ASP	0	
194	LYS	0	
195	THR	0	
196	PHE	0	
197	ASN	0	
198	THR	0	
199	SER	0	
200	VAL	0	
201	PRO	0	
202	VAL	0	
203	LEU	0	
204	ILE	0	
205	VAL	0	
206	GLY	0	
207	ALA	0	
208	GLU	0	
209	ALA	0	
210	ASP	1	catalytic
211	THR	0	
212	VAL	1	new_LG1_5A_pocket
213	ALA	0	
214	PRO	0	
215	VAL	0	
216	SER	0	
217	GLN	0	
218	HIS	0	
219	ALA	0	
220	ILE	0	
221	PRO	0	
222	PHE	0	
223	TYR	0	
224	GLN	0	
225	ASN	0	
226	LEU	0	
227	PRO	0	
228	SER	0	
229	THR	0	
230	THR	0	
231	PRO	0	
232	LYS	0	
233	VAL	0	
234	TYR	0	
235	VAL	0	
236	GLU	0	
237	LEU	0	
238	CYS	1	native_cysteine
239	ASN	0	
240	ALA	0	
241	SER	0	
242	HIS	1	catalytic,new_LG1_5A_pocket
243	ILE	0	
244	ALA	0	
245	PRO	0	
246	ASN	0	
247	SER	0	
248	ASN	0	
249	ASN	0	
250	ALA	0	
251	ALA	0	
252	ILE	0	
253	SER	0	
254	VAL	0	
255	TYR	0	
256	THR	0	
257	ILE	0	
258	SER	0	
259	TRP	0	
260	MET	0	
261	LYS	0	
262	LEU	0	
263	TRP	0	
264	VAL	0	
265	ASP	0	
266	ASN	0	
267	ASP	0	
268	THR	0	
269	ARG	0	
270	TYR	0	
271	ARG	0	
272	GLN	0	
273	PHE	0	
274	LEU	0	
275	CYS	1	native_cysteine
276	ASN	0	
277	VAL	0	
278	ASN	0	
279	ASP	0	
280	PRO	0	
281	ALA	0	
282	LEU	0	
283	CYS	1	native_cysteine
284	ASP	0	
285	PHE	0	
286	ARG	0	
287	THR	0	
288	ASN	0	
289	ASN	0	
290	ARG	0	
291	HIS	0	
292	CYS	1	native_cysteine
293	GLN	0	
