ref_pos	ref_aa	coverage_count	major_aa	major_freq	is_catalytic	is_ligand_contact	class
1	M	62	A	0.1774	false	false	MUTABLE_BACKGROUND
2	N	98	M	0.3061	false	false	MUTABLE_BACKGROUND
3	L	168	M	0.4167	false	false	MUTABLE_BACKGROUND
4	P	187	P	0.2834	false	false	MUTABLE_BACKGROUND
5	T	193	S	0.2798	false	false	MUTABLE_BACKGROUND
6	A	194	A	0.1856	false	false	MUTABLE_BACKGROUND
7	Q	189	E	0.2910	false	false	MUTABLE_BACKGROUND
8	E	194	A	0.1701	false	false	MUTABLE_BACKGROUND
9	V	197	I	0.3147	false	false	MUTABLE_BACKGROUND
10	Q	197	R	0.2589	false	false	MUTABLE_BACKGROUND
11	G	197	A	0.3604	false	false	MUTABLE_BACKGROUND
12	L	197	A	0.2741	false	false	MUTABLE_BACKGROUND
13	M	198	V	0.4192	false	false	MUTABLE_BACKGROUND
14	A	198	Q	0.1768	false	false	MUTABLE_BACKGROUND
15	R	198	R	0.3687	false	false	MUTABLE_BACKGROUND
17	I	198	V	0.2929	false	false	MUTABLE_BACKGROUND
18	E	197	E	0.2589	false	false	MUTABLE_BACKGROUND
19	L	198	A	0.3081	false	false	MUTABLE_BACKGROUND
20	V	198	V	0.3687	false	false	MUTABLE_BACKGROUND
21	D	198	N	0.3030	false	false	MUTABLE_BACKGROUND
22	V	198	A	0.3485	false	false	MUTABLE_BACKGROUND
24	D	198	D	0.4596	false	false	MUTABLE_BACKGROUND
25	I	198	A	0.3384	false	false	MUTABLE_BACKGROUND
26	E	196	A	0.2704	false	false	MUTABLE_BACKGROUND
27	A	197	G	0.2132	false	false	MUTABLE_BACKGROUND
28	I	198	V	0.3434	false	false	MUTABLE_BACKGROUND
29	V	198	A	0.2929	false	false	MUTABLE_BACKGROUND
30	Q	198	A	0.4798	false	false	MUTABLE_BACKGROUND
32	Y	198	Y	0.5051	false	false	MUTABLE_BACKGROUND
34	D	198	D	0.4192	false	false	MUTABLE_BACKGROUND
37	T	198	T	0.5101	false	false	MUTABLE_BACKGROUND
38	V	198	V	0.4495	false	false	MUTABLE_BACKGROUND
44	Q	168	S	0.3095	false	false	MUTABLE_BACKGROUND
45	P	191	P	0.2461	false	false	MUTABLE_BACKGROUND
46	P	195	P	0.3282	false	false	MUTABLE_BACKGROUND
47	I	198	R	0.2172	false	false	MUTABLE_BACKGROUND
48	H	198	I	0.2121	false	false	MUTABLE_BACKGROUND
50	R	197	R	0.4162	false	false	MUTABLE_BACKGROUND
51	E	199	E	0.2462	false	false	MUTABLE_BACKGROUND
54	A	194	R	0.2629	false	false	MUTABLE_BACKGROUND
55	A	198	E	0.2778	false	false	MUTABLE_BACKGROUND
58	R	199	A	0.2261	false	false	MUTABLE_BACKGROUND
59	Q	199	A	0.1960	false	false	MUTABLE_BACKGROUND
61	L	199	E	0.1709	false	false	MUTABLE_BACKGROUND
62	G	194	G	0.3660	false	false	MUTABLE_BACKGROUND
63	G	199	L	0.2161	false	false	MUTABLE_BACKGROUND
64	G	15	L	0.1333	false	false	MUTABLE_BACKGROUND
65	K	197	G	0.2081	false	false	MUTABLE_BACKGROUND
66	V	152	A	0.2039	false	false	MUTABLE_BACKGROUND
67	R	198	R	0.1768	false	false	MUTABLE_BACKGROUND
68	A	199	L	0.3015	false	false	MUTABLE_BACKGROUND
69	C	199	E	0.4322	false	false	MUTABLE_BACKGROUND
70	L	199	L	0.5528	false	false	MUTABLE_BACKGROUND
71	T	65	T	0.2923	false	false	MUTABLE_BACKGROUND
72	G	113	A	0.2478	false	false	MUTABLE_BACKGROUND
73	P	198	P	0.2071	false	false	MUTABLE_BACKGROUND
74	V	199	G	0.1508	false	false	MUTABLE_BACKGROUND
75	R	199	R	0.1809	false	false	MUTABLE_BACKGROUND
76	A	199	R	0.4221	false	false	MUTABLE_BACKGROUND
77	S	199	V	0.2915	false	false	MUTABLE_BACKGROUND
78	H	199	A	0.2513	false	false	MUTABLE_BACKGROUND
80	G	198	N	0.3687	false	false	MUTABLE_BACKGROUND
81	C	199	E	0.2563	false	false	MUTABLE_BACKGROUND
84	M	198	F	0.4040	false	false	MUTABLE_BACKGROUND
85	P	198	A	0.1717	false	false	MUTABLE_BACKGROUND
87	R	199	T	0.2814	false	false	MUTABLE_BACKGROUND
88	V	196	V	0.3929	false	false	MUTABLE_BACKGROUND
89	E	196	T	0.3316	false	false	MUTABLE_BACKGROUND
91	V	162	T	0.1852	false	false	MUTABLE_BACKGROUND
92	W	181	A	0.2983	false	false	MUTABLE_BACKGROUND
93	N	186	G	0.3333	false	false	MUTABLE_BACKGROUND
94	G	156	G	0.4872	false	false	MUTABLE_BACKGROUND
95	Q	163	Q	0.1656	false	false	MUTABLE_BACKGROUND
96	P	166	T	0.1928	false	false	MUTABLE_BACKGROUND
97	C	169	M	0.2249	false	false	MUTABLE_BACKGROUND
98	A	179	R	0.2793	false	false	MUTABLE_BACKGROUND
100	D	198	E	0.2929	false	false	MUTABLE_BACKGROUND
101	V	198	P	0.3333	false	false	MUTABLE_BACKGROUND
102	I	198	I	0.5859	false	false	MUTABLE_BACKGROUND
104	V	197	V	0.5330	false	false	MUTABLE_BACKGROUND
105	M	197	M	0.5685	false	false	MUTABLE_BACKGROUND
106	R	197	T	0.3401	false	false	MUTABLE_BACKGROUND
108	D	196	D	0.5102	false	false	MUTABLE_BACKGROUND
109	E	196	D	0.3929	false	false	MUTABLE_BACKGROUND
110	H	194	D	0.4124	false	false	MUTABLE_BACKGROUND
112	R	191	K	0.3717	false	false	MUTABLE_BACKGROUND
114	Q	190	T	0.3684	false	false	MUTABLE_BACKGROUND
115	T	190	S	0.4211	false	false	MUTABLE_BACKGROUND
117	Q	188	R	0.5532	false	false	MUTABLE_BACKGROUND
119	Y	187	Y	0.4545	false	false	MUTABLE_BACKGROUND
121	S	187	G	0.3904	false	false	MUTABLE_BACKGROUND
122	E	187	P	0.4439	false	false	MUTABLE_BACKGROUND
123	V	187	D	0.2620	false	false	MUTABLE_BACKGROUND
125	L	184	M	0.2717	false	false	MUTABLE_BACKGROUND
126	S	182	T	0.1868	false	false	MUTABLE_BACKGROUND
127	V	180	V	0.1778	false	false	MUTABLE_BACKGROUND
128	R	168	L	0.1964	false	false	MUTABLE_BACKGROUND
129	E	99	P	0.1616	false	false	MUTABLE_BACKGROUND
130	P	79	A	0.2152	false	false	MUTABLE_BACKGROUND
131	Q	62	A	0.1613	false	false	MUTABLE_BACKGROUND
