sample_id	bin	identity	mutation_count	sequence_length	sequence	postseq_predicted_pdb	reference_sample	fixed_positions	pocket_ca8_positions	active_site_positions	mutations	esmfold_status	esmfold_bytes	motif_ca_rmsd_A	missing_motif_ca	fixed_mutation_count	fixed_mutations	routeB_active_pocket_only_gate	gate_fail_reasons	global_ca_rmsd_role	sidechain_ligand_geometry_role	source_gate_tsv
serhyd_sample2_id90_round01_013	90	0.904255	9	94	AEAEEVAAFNAAYGTLLAAAAAACPGEGAVGEILREPEAHIVRLLDAGELGSGTVSAKLLAHAIKLPALSTKEALLAFLHEAMALVAAAAAAAA	/data/bht/project01_phase1_reset_gpu/denovo_scaffold_routeB/serine_hydrolase/outputs/esmfold_identity_bins_sample2_round01/serhyd_sample2_id90_round01_013.pdb	routeB_serhyd_sample_2_lmpnn_03	A13 A16 A17 A18 A20 A21 A28 A29 A30 A33 A40 A44 A49 A54 A55 A56 A57	A13 A16 A17 A18 A20 A21 A28 A29 A30 A33 A40 A44 A54 A55 A56 A57	A40 A49 A56	A10:T>N;A15:A>T;A36:D>E;A42:A>V;A62:A>H;A64:L>I;A80:R>H;A83:I>M;A86:A>V	OK	52449	0.1713		0		PASS		NOT_USED_HARD_GATE	NOT_USED_AT_SEQUENCE_STAGE_ESMFOLD_APO	/data/bht/project01_phase1_reset_gpu/denovo_scaffold_routeB/serine_hydrolase/manifests/routeB_serhyd_sample2_identity_bins_round01_active_pocket_gate.tsv
serhyd_sample2_id90_round01_032	90	0.904255	9	94	AEAEEVAAFTAAYGALLAAAAAACPGEGAVGEILRDPEAHIVRLLQAGELGSCTVSAKLLAAALKLPGLQTKEALLVFLREAIAEVASAAAAAA	/data/bht/project01_phase1_reset_gpu/denovo_scaffold_routeB/serine_hydrolase/outputs/esmfold_identity_bins_sample2_round01/serhyd_sample2_id90_round01_032.pdb	routeB_serhyd_sample_2_lmpnn_03	A13 A16 A17 A18 A20 A21 A28 A29 A30 A33 A40 A44 A49 A54 A55 A56 A57	A13 A16 A17 A18 A20 A21 A28 A29 A30 A33 A40 A44 A54 A55 A56 A57	A40 A49 A56	A42:A>V;A46:D>Q;A53:G>C;A68:A>G;A70:S>Q;A77:A>V;A85:L>E;A86:A>V;A88:A>S	OK	52530	0.1815		0		PASS		NOT_USED_HARD_GATE	NOT_USED_AT_SEQUENCE_STAGE_ESMFOLD_APO	/data/bht/project01_phase1_reset_gpu/denovo_scaffold_routeB/serine_hydrolase/manifests/routeB_serhyd_sample2_identity_bins_round01_active_pocket_gate.tsv
serhyd_sample2_id90_round01_018	90	0.904255	9	94	ADAEDVAAFTAAYGALLAAAAAATPTEGAVGQILRDPEAHIARLLDAGELGSSTVSAKLLAAAIKLPSLSTKEALLAFLREAIALAAAAAAAAT	/data/bht/project01_phase1_reset_gpu/denovo_scaffold_routeB/serine_hydrolase/outputs/esmfold_identity_bins_sample2_round01/serhyd_sample2_id90_round01_018.pdb	routeB_serhyd_sample_2_lmpnn_03	A13 A16 A17 A18 A20 A21 A28 A29 A30 A33 A40 A44 A49 A54 A55 A56 A57	A13 A16 A17 A18 A20 A21 A28 A29 A30 A33 A40 A44 A54 A55 A56 A57	A40 A49 A56	A2:E>D;A5:E>D;A24:C>T;A26:G>T;A32:E>Q;A53:G>S;A64:L>I;A68:A>S;A94:A>T	OK	52044	0.2867		0		PASS		NOT_USED_HARD_GATE	NOT_USED_AT_SEQUENCE_STAGE_ESMFOLD_APO	/data/bht/project01_phase1_reset_gpu/denovo_scaffold_routeB/serine_hydrolase/manifests/routeB_serhyd_sample2_identity_bins_round01_active_pocket_gate.tsv
serhyd_sample2_id90_round02_027	90	0.904255	9	94	AEAEEVATFAAVYGALLAGAAAASAAKGAVGEILREPEAHIVRLLDAGELGSATVSAKLLSVALKLPGLSTQEAELAFLREAIAEAAAAAAAAA	/data/bht/project01_phase1_reset_gpu/denovo_scaffold_routeB/serine_hydrolase/outputs/esmfold_identity_bins_sample2_round02/serhyd_sample2_id90_round02_027.pdb	routeB_serhyd_sample_2_lmpnn_03	A13 A16 A17 A18 A20 A21 A28 A29 A30 A33 A40 A44 A49 A54 A55 A56 A57	A13 A16 A17 A18 A20 A21 A28 A29 A30 A33 A40 A44 A54 A55 A56 A57	A40 A49 A56	A10:T>A;A24:C>S;A27:E>K;A42:A>V;A53:G>A;A62:A>V;A68:K>G;A72:K>Q;A85:L>E	OK	52125	0.3223		0		PASS		NOT_USED_HARD_GATE	NOT_USED_AT_SEQUENCE_STAGE_ESMFOLD_APO	/data/bht/project01_phase1_reset_gpu/denovo_scaffold_routeB/serine_hydrolase/manifests/routeB_serhyd_sample2_identity_bins_round02_active_pocket_gate.tsv
serhyd_sample2_id90_round01_039	90	0.904255	9	94	AEAEEVAAFAGAYGALLAAAAAACPGDGAVGEILRDPEVHMARLLQSGELGSGTVSAKLLAAALKLPALSTKEALLAFLREAIAIAAAAAAGAA	/data/bht/project01_phase1_reset_gpu/denovo_scaffold_routeB/serine_hydrolase/outputs/esmfold_identity_bins_sample2_round01/serhyd_sample2_id90_round01_039.pdb	routeB_serhyd_sample_2_lmpnn_03	A13 A16 A17 A18 A20 A21 A28 A29 A30 A33 A40 A44 A49 A54 A55 A56 A57	A13 A16 A17 A18 A20 A21 A28 A29 A30 A33 A40 A44 A54 A55 A56 A57	A40 A49 A56	A10:T>A;A11:A>G;A27:E>D;A39:A>V;A41:I>M;A46:D>Q;A47:A>S;A85:L>I;A92:A>G	OK	51396	0.5059		0		PASS		NOT_USED_HARD_GATE	NOT_USED_AT_SEQUENCE_STAGE_ESMFOLD_APO	/data/bht/project01_phase1_reset_gpu/denovo_scaffold_routeB/serine_hydrolase/manifests/routeB_serhyd_sample2_identity_bins_round01_active_pocket_gate.tsv
serhyd_sample2_id90_round01_023	90	0.904255	9	94	AEAEEKAAYNAAYGALLAAAAAACKGQGAVGEILRDPEAHIARLLDAGELGSGTVSAKLLAVALKLPALSTKKALLTFLREAIALAAAAAATAA	/data/bht/project01_phase1_reset_gpu/denovo_scaffold_routeB/serine_hydrolase/outputs/esmfold_identity_bins_sample2_round01/serhyd_sample2_id90_round01_023.pdb	routeB_serhyd_sample_2_lmpnn_03	A13 A16 A17 A18 A20 A21 A28 A29 A30 A33 A40 A44 A49 A54 A55 A56 A57	A13 A16 A17 A18 A20 A21 A28 A29 A30 A33 A40 A44 A54 A55 A56 A57	A40 A49 A56	A6:V>K;A9:F>Y;A10:T>N;A25:P>K;A27:E>Q;A62:A>V;A73:E>K;A77:A>T;A92:A>T	OK	52449	0.6271		0		PASS		NOT_USED_HARD_GATE	NOT_USED_AT_SEQUENCE_STAGE_ESMFOLD_APO	/data/bht/project01_phase1_reset_gpu/denovo_scaffold_routeB/serine_hydrolase/manifests/routeB_serhyd_sample2_identity_bins_round01_active_pocket_gate.tsv
serhyd_sample2_id90_round02_023	90	0.904255	9	94	AEAEEVATFTVVYGALLAGAAAACTAEGAVGQILREPEAHITRLLNAGELGSATVSAKLLSVALKIPSLSTKEAELAFLREAIALAAAAAAAAA	/data/bht/project01_phase1_reset_gpu/denovo_scaffold_routeB/serine_hydrolase/outputs/esmfold_identity_bins_sample2_round02/serhyd_sample2_id90_round02_023.pdb	routeB_serhyd_sample_2_lmpnn_03	A13 A16 A17 A18 A20 A21 A28 A29 A30 A33 A40 A44 A49 A54 A55 A56 A57	A13 A16 A17 A18 A20 A21 A28 A29 A30 A33 A40 A44 A54 A55 A56 A57	A40 A49 A56	A11:A>V;A25:A>T;A32:E>Q;A42:A>T;A46:D>N;A53:G>A;A62:A>V;A66:L>I;A68:K>S	OK	52692	0.6499		0		PASS		NOT_USED_HARD_GATE	NOT_USED_AT_SEQUENCE_STAGE_ESMFOLD_APO	/data/bht/project01_phase1_reset_gpu/denovo_scaffold_routeB/serine_hydrolase/manifests/routeB_serhyd_sample2_identity_bins_round02_active_pocket_gate.tsv
serhyd_sample2_id90_round02_029	90	0.904255	9	94	AEAEEVATFQAVYGALLAGAAAACAADGAVGKILREPEAHISRLLDAGELGSTTVSAKLLSVALKIPKLSTREAELAFLREAIALVAAAAAAAA	/data/bht/project01_phase1_reset_gpu/denovo_scaffold_routeB/serine_hydrolase/outputs/esmfold_identity_bins_sample2_round02/serhyd_sample2_id90_round02_029.pdb	routeB_serhyd_sample_2_lmpnn_03	A13 A16 A17 A18 A20 A21 A28 A29 A30 A33 A40 A44 A49 A54 A55 A56 A57	A13 A16 A17 A18 A20 A21 A28 A29 A30 A33 A40 A44 A54 A55 A56 A57	A40 A49 A56	A10:T>Q;A27:E>D;A32:E>K;A42:A>S;A53:G>T;A62:A>V;A66:L>I;A72:K>R;A86:A>V	OK	53097	0.7197		0		PASS		NOT_USED_HARD_GATE	NOT_USED_AT_SEQUENCE_STAGE_ESMFOLD_APO	/data/bht/project01_phase1_reset_gpu/denovo_scaffold_routeB/serine_hydrolase/manifests/routeB_serhyd_sample2_identity_bins_round02_active_pocket_gate.tsv
serhyd_sample2_id90_round02_024	90	0.904255	9	94	AEAEEVATLTGVYGALLAGAAAACVADGAVGEILREPEAHIARLLAAGELGSGTVSAKLLSAALKLPQLSTQEAELAFLREVIAIAAAAAAAAA	/data/bht/project01_phase1_reset_gpu/denovo_scaffold_routeB/serine_hydrolase/outputs/esmfold_identity_bins_sample2_round02/serhyd_sample2_id90_round02_024.pdb	routeB_serhyd_sample_2_lmpnn_03	A13 A16 A17 A18 A20 A21 A28 A29 A30 A33 A40 A44 A49 A54 A55 A56 A57	A13 A16 A17 A18 A20 A21 A28 A29 A30 A33 A40 A44 A54 A55 A56 A57	A40 A49 A56	A9:F>L;A11:A>G;A25:A>V;A27:E>D;A46:D>A;A68:K>Q;A72:K>Q;A82:A>V;A85:L>I	OK	51882	0.8001		0		PASS		NOT_USED_HARD_GATE	NOT_USED_AT_SEQUENCE_STAGE_ESMFOLD_APO	/data/bht/project01_phase1_reset_gpu/denovo_scaffold_routeB/serine_hydrolase/manifests/routeB_serhyd_sample2_identity_bins_round02_active_pocket_gate.tsv
serhyd_sample2_id90_round01_020	90	0.904255	9	94	AEAEELAAFQGAYGALLAAAAAACPGEGAVGKILRDPEAHIARLLDAGELGSGTVSAKLLSAALKMPALATKEALLAFLREAIVFAAAAAAAAA	/data/bht/project01_phase1_reset_gpu/denovo_scaffold_routeB/serine_hydrolase/outputs/esmfold_identity_bins_sample2_round01/serhyd_sample2_id90_round01_020.pdb	routeB_serhyd_sample_2_lmpnn_03	A13 A16 A17 A18 A20 A21 A28 A29 A30 A33 A40 A44 A49 A54 A55 A56 A57	A13 A16 A17 A18 A20 A21 A28 A29 A30 A33 A40 A44 A54 A55 A56 A57	A40 A49 A56	A6:V>L;A10:T>Q;A11:A>G;A32:E>K;A61:A>S;A66:L>M;A70:S>A;A84:A>V;A85:L>F	OK	52044	0.8496		0		PASS		NOT_USED_HARD_GATE	NOT_USED_AT_SEQUENCE_STAGE_ESMFOLD_APO	/data/bht/project01_phase1_reset_gpu/denovo_scaffold_routeB/serine_hydrolase/manifests/routeB_serhyd_sample2_identity_bins_round01_active_pocket_gate.tsv
serhyd_sample2_id80_round02_052	80	0.797872	19	94	AEAEDVATLSAVYGVLLAGAAAASAAKGAVGEILQEPEAHIKRLLNAGELGSATVSAKLLSAALKMAGLSAEEAELAFLRESIAIVAAAAAAAV	/data/bht/project01_phase1_reset_gpu/denovo_scaffold_routeB/serine_hydrolase/outputs/esmfold_identity_bins_sample2_round02/serhyd_sample2_id80_round02_052.pdb	routeB_serhyd_sample_2_lmpnn_03	A13 A16 A17 A18 A20 A21 A28 A29 A30 A33 A40 A44 A49 A54 A55 A56 A57	A13 A16 A17 A18 A20 A21 A28 A29 A30 A33 A40 A44 A54 A55 A56 A57	A40 A49 A56	A5:E>D;A9:F>L;A10:T>S;A15:A>V;A24:C>S;A27:E>K;A35:R>Q;A42:A>K;A46:D>N;A53:G>A;A66:L>M;A67:P>A;A68:K>G;A71:T>A;A72:K>E;A82:A>S;A85:L>I;A86:A>V;A94:A>V	OK	51882	0.4067		0		PASS		NOT_USED_HARD_GATE	NOT_USED_AT_SEQUENCE_STAGE_ESMFOLD_APO	/data/bht/project01_phase1_reset_gpu/denovo_scaffold_routeB/serine_hydrolase/manifests/routeB_serhyd_sample2_identity_bins_round02_active_pocket_gate.tsv
serhyd_sample2_id80_round02_098	80	0.797872	19	94	AEAEKVATYAVVYGVLLAGAAAAGSAEGAVGNILREPEAHIARLLQAGELGSTTVSAKLLSVAMKFPGLSSKEAELAFLREVIAIAAAAAAEAT	/data/bht/project01_phase1_reset_gpu/denovo_scaffold_routeB/serine_hydrolase/outputs/esmfold_identity_bins_sample2_round02/serhyd_sample2_id80_round02_098.pdb	routeB_serhyd_sample_2_lmpnn_03	A13 A16 A17 A18 A20 A21 A28 A29 A30 A33 A40 A44 A49 A54 A55 A56 A57	A13 A16 A17 A18 A20 A21 A28 A29 A30 A33 A40 A44 A54 A55 A56 A57	A40 A49 A56	A5:E>K;A9:F>Y;A10:T>A;A11:A>V;A15:A>V;A24:C>G;A25:A>S;A32:E>N;A46:D>Q;A53:G>T;A62:A>V;A64:L>M;A66:L>F;A68:K>G;A71:T>S;A82:A>V;A85:L>I;A92:A>E;A94:A>T	OK	53178	0.4425		0		PASS		NOT_USED_HARD_GATE	NOT_USED_AT_SEQUENCE_STAGE_ESMFOLD_APO	/data/bht/project01_phase1_reset_gpu/denovo_scaffold_routeB/serine_hydrolase/manifests/routeB_serhyd_sample2_identity_bins_round02_active_pocket_gate.tsv
serhyd_sample2_id80_round02_155	80	0.797872	19	94	AEAEDVATYTGVYGVLLAGAAAAGKAKGAVGKILHEPEAHIARLLAAGELGSATVSAKLLSAAIKISKLSTQEAELAFLREAIAFVAAAAARAT	/data/bht/project01_phase1_reset_gpu/denovo_scaffold_routeB/serine_hydrolase/outputs/esmfold_identity_bins_sample2_round02/serhyd_sample2_id80_round02_155.pdb	routeB_serhyd_sample_2_lmpnn_03	A13 A16 A17 A18 A20 A21 A28 A29 A30 A33 A40 A44 A49 A54 A55 A56 A57	A13 A16 A17 A18 A20 A21 A28 A29 A30 A33 A40 A44 A54 A55 A56 A57	A40 A49 A56	A5:E>D;A9:F>Y;A11:A>G;A15:A>V;A24:C>G;A25:A>K;A27:E>K;A32:E>K;A35:R>H;A46:D>A;A53:G>A;A64:L>I;A66:L>I;A67:P>S;A72:K>Q;A85:L>F;A86:A>V;A92:A>R;A94:A>T	OK	53178	0.5245		0		PASS		NOT_USED_HARD_GATE	NOT_USED_AT_SEQUENCE_STAGE_ESMFOLD_APO	/data/bht/project01_phase1_reset_gpu/denovo_scaffold_routeB/serine_hydrolase/manifests/routeB_serhyd_sample2_identity_bins_round02_active_pocket_gate.tsv
serhyd_sample2_id80_round02_103	80	0.797872	19	94	AEAEEVAGFQVVYGALLAGAAAAAAAEGAVGDILREPEAHISRLLEAGELGSATVSAKLLSSAIKLSQLSQEEAELAFLRETIAFTAAAAARAS	/data/bht/project01_phase1_reset_gpu/denovo_scaffold_routeB/serine_hydrolase/outputs/esmfold_identity_bins_sample2_round02/serhyd_sample2_id80_round02_103.pdb	routeB_serhyd_sample_2_lmpnn_03	A13 A16 A17 A18 A20 A21 A28 A29 A30 A33 A40 A44 A49 A54 A55 A56 A57	A13 A16 A17 A18 A20 A21 A28 A29 A30 A33 A40 A44 A54 A55 A56 A57	A40 A49 A56	A8:T>G;A10:T>Q;A11:A>V;A24:C>A;A32:E>D;A42:A>S;A46:D>E;A53:G>A;A62:A>S;A64:L>I;A67:P>S;A68:K>Q;A71:T>Q;A72:K>E;A82:A>T;A85:L>F;A86:A>T;A92:A>R;A94:A>S	OK	53664	0.6115		0		PASS		NOT_USED_HARD_GATE	NOT_USED_AT_SEQUENCE_STAGE_ESMFOLD_APO	/data/bht/project01_phase1_reset_gpu/denovo_scaffold_routeB/serine_hydrolase/manifests/routeB_serhyd_sample2_identity_bins_round02_active_pocket_gate.tsv
serhyd_sample2_id80_round02_097	80	0.797872	19	94	AEAEDVAQMTAVYGALLAGAAAATAAKGAVGKILKEPEAHITRLLQKGELGSATVSAKLLSSALKMAQLSTREAELAFLRESIAMGAAAAAAAA	/data/bht/project01_phase1_reset_gpu/denovo_scaffold_routeB/serine_hydrolase/outputs/esmfold_identity_bins_sample2_round02/serhyd_sample2_id80_round02_097.pdb	routeB_serhyd_sample_2_lmpnn_03	A13 A16 A17 A18 A20 A21 A28 A29 A30 A33 A40 A44 A49 A54 A55 A56 A57	A13 A16 A17 A18 A20 A21 A28 A29 A30 A33 A40 A44 A54 A55 A56 A57	A40 A49 A56	A5:E>D;A8:T>Q;A9:F>M;A24:C>T;A27:E>K;A32:E>K;A35:R>K;A42:A>T;A46:D>Q;A47:A>K;A53:G>A;A62:A>S;A66:L>M;A67:P>A;A68:K>Q;A72:K>R;A82:A>S;A85:L>M;A86:A>G	OK	52692	0.6951		0		PASS		NOT_USED_HARD_GATE	NOT_USED_AT_SEQUENCE_STAGE_ESMFOLD_APO	/data/bht/project01_phase1_reset_gpu/denovo_scaffold_routeB/serine_hydrolase/manifests/routeB_serhyd_sample2_identity_bins_round02_active_pocket_gate.tsv
serhyd_sample2_id80_round02_109	80	0.797872	19	94	AEAEEVATMAVVYGTLLAGAAAACGADGAVGKILKEPEAHIVRLLEAGELGSATVSAKLLSVAIKIPRLSWKEAELAFLREAIAITAAAAATAA	/data/bht/project01_phase1_reset_gpu/denovo_scaffold_routeB/serine_hydrolase/outputs/esmfold_identity_bins_sample2_round02/serhyd_sample2_id80_round02_109.pdb	routeB_serhyd_sample_2_lmpnn_03	A13 A16 A17 A18 A20 A21 A28 A29 A30 A33 A40 A44 A49 A54 A55 A56 A57	A13 A16 A17 A18 A20 A21 A28 A29 A30 A33 A40 A44 A54 A55 A56 A57	A40 A49 A56	A9:F>M;A10:T>A;A11:A>V;A15:A>T;A25:A>G;A27:E>D;A32:E>K;A35:R>K;A42:A>V;A46:D>E;A53:G>A;A62:A>V;A64:L>I;A66:L>I;A68:K>R;A71:T>W;A85:L>I;A86:A>T;A92:A>T	OK	53340	0.7736		0		PASS		NOT_USED_HARD_GATE	NOT_USED_AT_SEQUENCE_STAGE_ESMFOLD_APO	/data/bht/project01_phase1_reset_gpu/denovo_scaffold_routeB/serine_hydrolase/manifests/routeB_serhyd_sample2_identity_bins_round02_active_pocket_gate.tsv
serhyd_sample2_id80_round02_003	80	0.797872	19	94	AEAEEVANFAAVYGGLLAGAAAACSAQGAVGEILQEPEAHIVRLLQKGELGSATVSAKLLSVALKISRLSAEEAELAFLREAIAIAAAAAAGAT	/data/bht/project01_phase1_reset_gpu/denovo_scaffold_routeB/serine_hydrolase/outputs/esmfold_identity_bins_sample2_round02/serhyd_sample2_id80_round02_003.pdb	routeB_serhyd_sample_2_lmpnn_03	A13 A16 A17 A18 A20 A21 A28 A29 A30 A33 A40 A44 A49 A54 A55 A56 A57	A13 A16 A17 A18 A20 A21 A28 A29 A30 A33 A40 A44 A54 A55 A56 A57	A40 A49 A56	A8:T>N;A10:T>A;A15:A>G;A25:A>S;A27:E>Q;A35:R>Q;A42:A>V;A46:D>Q;A47:A>K;A53:G>A;A62:A>V;A66:L>I;A67:P>S;A68:K>R;A71:T>A;A72:K>E;A85:L>I;A92:A>G;A94:A>T	OK	52773	0.8039		0		PASS		NOT_USED_HARD_GATE	NOT_USED_AT_SEQUENCE_STAGE_ESMFOLD_APO	/data/bht/project01_phase1_reset_gpu/denovo_scaffold_routeB/serine_hydrolase/manifests/routeB_serhyd_sample2_identity_bins_round02_active_pocket_gate.tsv
serhyd_sample2_id80_round02_039	80	0.797872	19	94	AEAEDVATYGVVYGALLAGAAAAVAAKGAVGKILQEPEAHITRLLDAGELGSTTVSAKLLSSAIKISQLSAQEAELAFLRETIALGAAAAAAAA	/data/bht/project01_phase1_reset_gpu/denovo_scaffold_routeB/serine_hydrolase/outputs/esmfold_identity_bins_sample2_round02/serhyd_sample2_id80_round02_039.pdb	routeB_serhyd_sample_2_lmpnn_03	A13 A16 A17 A18 A20 A21 A28 A29 A30 A33 A40 A44 A49 A54 A55 A56 A57	A13 A16 A17 A18 A20 A21 A28 A29 A30 A33 A40 A44 A54 A55 A56 A57	A40 A49 A56	A5:E>D;A9:F>Y;A10:T>G;A11:A>V;A24:C>V;A27:E>K;A32:E>K;A35:R>Q;A42:A>T;A53:G>T;A62:A>S;A64:L>I;A66:L>I;A67:P>S;A68:K>Q;A71:T>A;A72:K>Q;A82:A>T;A86:A>G	OK	52368	0.8192		0		PASS		NOT_USED_HARD_GATE	NOT_USED_AT_SEQUENCE_STAGE_ESMFOLD_APO	/data/bht/project01_phase1_reset_gpu/denovo_scaffold_routeB/serine_hydrolase/manifests/routeB_serhyd_sample2_identity_bins_round02_active_pocket_gate.tsv
serhyd_sample2_id80_round02_086	80	0.797872	19	94	AEAEEVASFNVVYGSLLAGAAAAAAAQGAVGKILREPEAHIVRLLEAGELGSATVSAKLLSAAFKLSKLSQREAELAFLRESIAIHAAAAASAS	/data/bht/project01_phase1_reset_gpu/denovo_scaffold_routeB/serine_hydrolase/outputs/esmfold_identity_bins_sample2_round02/serhyd_sample2_id80_round02_086.pdb	routeB_serhyd_sample_2_lmpnn_03	A13 A16 A17 A18 A20 A21 A28 A29 A30 A33 A40 A44 A49 A54 A55 A56 A57	A13 A16 A17 A18 A20 A21 A28 A29 A30 A33 A40 A44 A54 A55 A56 A57	A40 A49 A56	A8:T>S;A10:T>N;A11:A>V;A15:A>S;A24:C>A;A27:E>Q;A32:E>K;A42:A>V;A46:D>E;A53:G>A;A64:L>F;A67:P>S;A71:T>Q;A72:K>R;A82:A>S;A85:L>I;A86:A>H;A92:A>S;A94:A>S	OK	53826	0.8309		0		PASS		NOT_USED_HARD_GATE	NOT_USED_AT_SEQUENCE_STAGE_ESMFOLD_APO	/data/bht/project01_phase1_reset_gpu/denovo_scaffold_routeB/serine_hydrolase/manifests/routeB_serhyd_sample2_identity_bins_round02_active_pocket_gate.tsv
serhyd_sample2_id80_round01_033	80	0.797872	19	94	AEAEEVAALNAAYGALLAAAAAAVPGEGAVGEILRQAEAHMSRLFNKGELGSTTVSAKVLAAALKLSKLSTEEALLAFLQKAIASAAAAAASAA	/data/bht/project01_phase1_reset_gpu/denovo_scaffold_routeB/serine_hydrolase/outputs/esmfold_identity_bins_sample2_round01/serhyd_sample2_id80_round01_033.pdb	routeB_serhyd_sample_2_lmpnn_03	A13 A16 A17 A18 A20 A21 A28 A29 A30 A33 A40 A44 A49 A54 A55 A56 A57	A13 A16 A17 A18 A20 A21 A28 A29 A30 A33 A40 A44 A54 A55 A56 A57	A40 A49 A56	A9:F>L;A10:T>N;A24:C>V;A36:D>Q;A37:P>A;A41:I>M;A42:A>S;A45:L>F;A46:D>N;A47:A>K;A53:G>T;A59:L>V;A67:P>S;A68:A>K;A72:K>E;A80:R>Q;A81:E>K;A85:L>S;A92:A>S	OK	52125	0.8388		0		PASS		NOT_USED_HARD_GATE	NOT_USED_AT_SEQUENCE_STAGE_ESMFOLD_APO	/data/bht/project01_phase1_reset_gpu/denovo_scaffold_routeB/serine_hydrolase/manifests/routeB_serhyd_sample2_identity_bins_round01_active_pocket_gate.tsv
serhyd_sample2_id70_round02_029	70	0.702128	28	94	AEAEKVAGMSGVYGALLASAAAASVSKGAVGEILHEPEAHITRLHDAGEVGSSTVSAKLLSAAIKIPSLQSQEAELAFMQETIAMYAAAAAEAT	/data/bht/project01_phase1_reset_gpu/denovo_scaffold_routeB/serine_hydrolase/outputs/esmfold_identity_bins_sample2_round02/serhyd_sample2_id70_round02_029.pdb	routeB_serhyd_sample_2_lmpnn_03	A13 A16 A17 A18 A20 A21 A28 A29 A30 A33 A40 A44 A49 A54 A55 A56 A57	A13 A16 A17 A18 A20 A21 A28 A29 A30 A33 A40 A44 A54 A55 A56 A57	A40 A49 A56	A5:E>K;A8:T>G;A9:F>M;A10:T>S;A11:A>G;A19:G>S;A24:C>S;A25:A>V;A26:A>S;A27:E>K;A35:R>H;A42:A>T;A45:L>H;A50:L>V;A53:G>S;A64:L>I;A66:L>I;A68:K>S;A70:S>Q;A71:T>S;A72:K>Q;A79:L>M;A80:R>Q;A82:A>T;A85:L>M;A86:A>Y;A92:A>E;A94:A>T	OK	53259	0.2493		0		PASS		NOT_USED_HARD_GATE	NOT_USED_AT_SEQUENCE_STAGE_ESMFOLD_APO	/data/bht/project01_phase1_reset_gpu/denovo_scaffold_routeB/serine_hydrolase/manifests/routeB_serhyd_sample2_identity_bins_round02_active_pocket_gate.tsv
serhyd_sample2_id70_round02_072	70	0.702128	28	94	AEAEQVAQYVAVYGALLAGAAAAGGAKGAVGEILKEPEAHMARLLEAGEIGSATVSAKLLSVANKISVLSQQEAELTFVQEAIVSTAAADAGAT	/data/bht/project01_phase1_reset_gpu/denovo_scaffold_routeB/serine_hydrolase/outputs/esmfold_identity_bins_sample2_round02/serhyd_sample2_id70_round02_072.pdb	routeB_serhyd_sample_2_lmpnn_03	A13 A16 A17 A18 A20 A21 A28 A29 A30 A33 A40 A44 A49 A54 A55 A56 A57	A13 A16 A17 A18 A20 A21 A28 A29 A30 A33 A40 A44 A54 A55 A56 A57	A40 A49 A56	A5:E>Q;A8:T>Q;A9:F>Y;A10:T>V;A24:C>G;A25:A>G;A27:E>K;A35:R>K;A41:I>M;A46:D>E;A50:L>I;A53:G>A;A62:A>V;A64:L>N;A66:L>I;A67:P>S;A68:K>V;A71:T>Q;A72:K>Q;A77:A>T;A79:L>V;A80:R>Q;A84:A>V;A85:L>S;A86:A>T;A90:A>D;A92:A>G;A94:A>T	OK	52692	0.3041		0		PASS		NOT_USED_HARD_GATE	NOT_USED_AT_SEQUENCE_STAGE_ESMFOLD_APO	/data/bht/project01_phase1_reset_gpu/denovo_scaffold_routeB/serine_hydrolase/manifests/routeB_serhyd_sample2_identity_bins_round02_active_pocket_gate.tsv
serhyd_sample2_id70_round02_086	70	0.702128	28	94	AEAEKVATWGAVYGALLAGAAAAGTGKGAVGVILKEPEAHMTRLLDSGEIGSATVSAKLLSVALKMSRLSTREAELAFVHEGIGFYAAAWAEAG	/data/bht/project01_phase1_reset_gpu/denovo_scaffold_routeB/serine_hydrolase/outputs/esmfold_identity_bins_sample2_round02/serhyd_sample2_id70_round02_086.pdb	routeB_serhyd_sample_2_lmpnn_03	A13 A16 A17 A18 A20 A21 A28 A29 A30 A33 A40 A44 A49 A54 A55 A56 A57	A13 A16 A17 A18 A20 A21 A28 A29 A30 A33 A40 A44 A54 A55 A56 A57	A40 A49 A56	A5:E>K;A9:F>W;A10:T>G;A24:C>G;A25:A>T;A26:A>G;A27:E>K;A32:E>V;A35:R>K;A41:I>M;A42:A>T;A47:A>S;A50:L>I;A53:G>A;A62:A>V;A66:L>M;A67:P>S;A68:K>R;A72:K>R;A79:L>V;A80:R>H;A82:A>G;A84:A>G;A85:L>F;A86:A>Y;A90:A>W;A92:A>E;A94:A>G	OK	53988	0.3599		0		PASS		NOT_USED_HARD_GATE	NOT_USED_AT_SEQUENCE_STAGE_ESMFOLD_APO	/data/bht/project01_phase1_reset_gpu/denovo_scaffold_routeB/serine_hydrolase/manifests/routeB_serhyd_sample2_identity_bins_round02_active_pocket_gate.tsv
serhyd_sample2_id70_round01_015	70	0.702128	28	94	VEADEMAVMVAAYGALLAAAAAASSGEGAVGKILRNPDAHVTRLLEAGELSSATVSAKLLASALKIANLSTEEHLLSFIQEVIALGAAAGAAAA	/data/bht/project01_phase1_reset_gpu/denovo_scaffold_routeB/serine_hydrolase/outputs/esmfold_identity_bins_sample2_round01/serhyd_sample2_id70_round01_015.pdb	routeB_serhyd_sample_2_lmpnn_03	A13 A16 A17 A18 A20 A21 A28 A29 A30 A33 A40 A44 A49 A54 A55 A56 A57	A13 A16 A17 A18 A20 A21 A28 A29 A30 A33 A40 A44 A54 A55 A56 A57	A40 A49 A56	A1:A>V;A4:E>D;A6:V>M;A8:A>V;A9:F>M;A10:T>V;A24:C>S;A25:P>S;A32:E>K;A36:D>N;A38:E>D;A41:I>V;A42:A>T;A46:D>E;A51:G>S;A53:G>A;A62:A>S;A66:L>I;A67:P>A;A68:A>N;A72:K>E;A74:A>H;A77:A>S;A79:L>I;A80:R>Q;A82:A>V;A86:A>G;A90:A>G	OK	52287	0.3875		0		PASS		NOT_USED_HARD_GATE	NOT_USED_AT_SEQUENCE_STAGE_ESMFOLD_APO	/data/bht/project01_phase1_reset_gpu/denovo_scaffold_routeB/serine_hydrolase/manifests/routeB_serhyd_sample2_identity_bins_round01_active_pocket_gate.tsv
serhyd_sample2_id70_round02_077	70	0.702128	28	94	AETEQVANWNAVYGTLLAAAAAACASEGAVGKILHEPEAHMVRLHEKGEMGSATVSAKLLSAAMKFPSLSTREAELAFLHESITLTAAADATAT	/data/bht/project01_phase1_reset_gpu/denovo_scaffold_routeB/serine_hydrolase/outputs/esmfold_identity_bins_sample2_round02/serhyd_sample2_id70_round02_077.pdb	routeB_serhyd_sample_2_lmpnn_03	A13 A16 A17 A18 A20 A21 A28 A29 A30 A33 A40 A44 A49 A54 A55 A56 A57	A13 A16 A17 A18 A20 A21 A28 A29 A30 A33 A40 A44 A54 A55 A56 A57	A40 A49 A56	A3:A>T;A5:E>Q;A8:T>N;A9:F>W;A10:T>N;A15:A>T;A19:G>A;A26:A>S;A32:E>K;A35:R>H;A41:I>M;A42:A>V;A45:L>H;A46:D>E;A47:A>K;A50:L>M;A53:G>A;A64:L>M;A66:L>F;A68:K>S;A72:K>R;A80:R>H;A82:A>S;A84:A>T;A86:A>T;A90:A>D;A92:A>T;A94:A>T	OK	54879	0.3931		0		PASS		NOT_USED_HARD_GATE	NOT_USED_AT_SEQUENCE_STAGE_ESMFOLD_APO	/data/bht/project01_phase1_reset_gpu/denovo_scaffold_routeB/serine_hydrolase/manifests/routeB_serhyd_sample2_identity_bins_round02_active_pocket_gate.tsv
serhyd_sample2_id70_round02_064	70	0.702128	28	94	AETEEVAGIVAVYGALLAMAAAANGAEGAVGKILQEPEAHFTRLIEAGELGSATVSAKLLSVAVKVSELDQQEAELVFVQEAITLAAAAGATAA	/data/bht/project01_phase1_reset_gpu/denovo_scaffold_routeB/serine_hydrolase/outputs/esmfold_identity_bins_sample2_round02/serhyd_sample2_id70_round02_064.pdb	routeB_serhyd_sample_2_lmpnn_03	A13 A16 A17 A18 A20 A21 A28 A29 A30 A33 A40 A44 A49 A54 A55 A56 A57	A13 A16 A17 A18 A20 A21 A28 A29 A30 A33 A40 A44 A54 A55 A56 A57	A40 A49 A56	A3:A>T;A8:T>G;A9:F>I;A10:T>V;A19:G>M;A24:C>N;A25:A>G;A32:E>K;A35:R>Q;A41:I>F;A42:A>T;A45:L>I;A46:D>E;A53:G>A;A62:A>V;A64:L>V;A66:L>V;A67:P>S;A68:K>E;A70:S>D;A71:T>Q;A72:K>Q;A77:A>V;A79:L>V;A80:R>Q;A84:A>T;A90:A>G;A92:A>T	OK	53097	0.6207		0		PASS		NOT_USED_HARD_GATE	NOT_USED_AT_SEQUENCE_STAGE_ESMFOLD_APO	/data/bht/project01_phase1_reset_gpu/denovo_scaffold_routeB/serine_hydrolase/manifests/routeB_serhyd_sample2_identity_bins_round02_active_pocket_gate.tsv
serhyd_sample2_id70_round01_029	70	0.702128	28	94	AQGEEVAGYAAAYGALLAVAAAACSGEGAVGEILHDPSAHIAHLLDAGEIGSTTVSAQLLAGAMKISVCSQKEALLAFVREVFAIAAAATGAST	/data/bht/project01_phase1_reset_gpu/denovo_scaffold_routeB/serine_hydrolase/outputs/esmfold_identity_bins_sample2_round01/serhyd_sample2_id70_round01_029.pdb	routeB_serhyd_sample_2_lmpnn_03	A13 A16 A17 A18 A20 A21 A28 A29 A30 A33 A40 A44 A49 A54 A55 A56 A57	A13 A16 A17 A18 A20 A21 A28 A29 A30 A33 A40 A44 A54 A55 A56 A57	A40 A49 A56	A2:E>Q;A3:A>G;A8:A>G;A9:F>Y;A10:T>A;A19:A>V;A25:P>S;A35:R>H;A38:E>S;A43:R>H;A50:L>I;A53:G>T;A58:K>Q;A62:A>G;A64:L>M;A66:L>I;A67:P>S;A68:A>V;A69:L>C;A71:T>Q;A79:L>V;A82:A>V;A83:I>F;A85:L>I;A90:A>T;A91:A>G;A93:A>S;A94:A>T	OK	51801	0.6345		0		PASS		NOT_USED_HARD_GATE	NOT_USED_AT_SEQUENCE_STAGE_ESMFOLD_APO	/data/bht/project01_phase1_reset_gpu/denovo_scaffold_routeB/serine_hydrolase/manifests/routeB_serhyd_sample2_identity_bins_round01_active_pocket_gate.tsv
serhyd_sample2_id70_round02_059	70	0.702128	28	94	AEHEDVATWVVVYGTLLATAAAASGAKGAVGEILREPEAHIARLLNGGEMGSSTVSAKLLSVAMKLFWLEWREAELAFVREVIAIVAAASASAT	/data/bht/project01_phase1_reset_gpu/denovo_scaffold_routeB/serine_hydrolase/outputs/esmfold_identity_bins_sample2_round02/serhyd_sample2_id70_round02_059.pdb	routeB_serhyd_sample_2_lmpnn_03	A13 A16 A17 A18 A20 A21 A28 A29 A30 A33 A40 A44 A49 A54 A55 A56 A57	A13 A16 A17 A18 A20 A21 A28 A29 A30 A33 A40 A44 A54 A55 A56 A57	A40 A49 A56	A3:A>H;A5:E>D;A9:F>W;A10:T>V;A11:A>V;A15:A>T;A19:G>T;A24:C>S;A25:A>G;A27:E>K;A46:D>N;A47:A>G;A50:L>M;A53:G>S;A62:A>V;A64:L>M;A67:P>F;A68:K>W;A70:S>E;A71:T>W;A72:K>R;A79:L>V;A82:A>V;A85:L>I;A86:A>V;A90:A>S;A92:A>S;A94:A>T	OK	55770	0.7124		0		PASS		NOT_USED_HARD_GATE	NOT_USED_AT_SEQUENCE_STAGE_ESMFOLD_APO	/data/bht/project01_phase1_reset_gpu/denovo_scaffold_routeB/serine_hydrolase/manifests/routeB_serhyd_sample2_identity_bins_round02_active_pocket_gate.tsv
serhyd_sample2_id70_round02_049	70	0.702128	28	94	AEAEDVAVFGGVYGMLLASAAAAAGTDGAVGDILKEPEAHIARLCDSGEFGSQTVSAKLLSAAVKIPVLAAQEAELAFVRESIAITAAAAASAS	/data/bht/project01_phase1_reset_gpu/denovo_scaffold_routeB/serine_hydrolase/outputs/esmfold_identity_bins_sample2_round02/serhyd_sample2_id70_round02_049.pdb	routeB_serhyd_sample_2_lmpnn_03	A13 A16 A17 A18 A20 A21 A28 A29 A30 A33 A40 A44 A49 A54 A55 A56 A57	A13 A16 A17 A18 A20 A21 A28 A29 A30 A33 A40 A44 A54 A55 A56 A57	A40 A49 A56	A5:E>D;A8:T>V;A10:T>G;A11:A>G;A15:A>M;A19:G>S;A24:C>A;A25:A>G;A26:A>T;A27:E>D;A32:E>D;A35:R>K;A45:L>C;A47:A>S;A50:L>F;A53:G>Q;A64:L>V;A66:L>I;A68:K>V;A70:S>A;A71:T>A;A72:K>Q;A79:L>V;A82:A>S;A85:L>I;A86:A>T;A92:A>S;A94:A>S	OK	52287	0.7803		0		PASS		NOT_USED_HARD_GATE	NOT_USED_AT_SEQUENCE_STAGE_ESMFOLD_APO	/data/bht/project01_phase1_reset_gpu/denovo_scaffold_routeB/serine_hydrolase/manifests/routeB_serhyd_sample2_identity_bins_round02_active_pocket_gate.tsv
serhyd_sample2_id70_round02_097	70	0.702128	28	94	AEAEEVAVMNGVYGGLLASAAAATAAEGAVGKILQEPEAHVGRLIQSGELGSATVSAKLLSHALKISSLSQEEAELVFVQEAIAEVAAAAATAG	/data/bht/project01_phase1_reset_gpu/denovo_scaffold_routeB/serine_hydrolase/outputs/esmfold_identity_bins_sample2_round02/serhyd_sample2_id70_round02_097.pdb	routeB_serhyd_sample_2_lmpnn_03	A13 A16 A17 A18 A20 A21 A28 A29 A30 A33 A40 A44 A49 A54 A55 A56 A57	A13 A16 A17 A18 A20 A21 A28 A29 A30 A33 A40 A44 A54 A55 A56 A57	A40 A49 A56	A8:T>V;A9:F>M;A10:T>N;A11:A>G;A15:A>G;A19:G>S;A24:C>T;A32:E>K;A35:R>Q;A41:I>V;A42:A>G;A45:L>I;A46:D>Q;A47:A>S;A53:G>A;A62:A>H;A66:L>I;A67:P>S;A68:K>S;A71:T>Q;A72:K>E;A77:A>V;A79:L>V;A80:R>Q;A85:L>E;A86:A>V;A92:A>T;A94:A>G	OK	52530	0.8006		0		PASS		NOT_USED_HARD_GATE	NOT_USED_AT_SEQUENCE_STAGE_ESMFOLD_APO	/data/bht/project01_phase1_reset_gpu/denovo_scaffold_routeB/serine_hydrolase/manifests/routeB_serhyd_sample2_identity_bins_round02_active_pocket_gate.tsv
serhyd_sample2_id60_round02_061	60	0.595745	38	94	VEGKEVAVFNGVYGTLLASAAAATGTKGAVGKILQETKVHIVHLFQAGELGSCTVSAQLLSSALKFFGLATEEAELAFWHEAMVFSGAAASAAG	/data/bht/project01_phase1_reset_gpu/denovo_scaffold_routeB/serine_hydrolase/outputs/esmfold_identity_bins_sample2_round02/serhyd_sample2_id60_round02_061.pdb	routeB_serhyd_sample_2_lmpnn_03	A13 A16 A17 A18 A20 A21 A28 A29 A30 A33 A40 A44 A49 A54 A55 A56 A57	A13 A16 A17 A18 A20 A21 A28 A29 A30 A33 A40 A44 A54 A55 A56 A57	A40 A49 A56	A1:A>V;A3:A>G;A4:E>K;A8:T>V;A10:T>N;A11:A>G;A15:A>T;A19:G>S;A24:C>T;A25:A>G;A26:A>T;A27:E>K;A32:E>K;A35:R>Q;A37:P>T;A38:E>K;A39:A>V;A42:A>V;A43:R>H;A45:L>F;A46:D>Q;A53:G>C;A58:K>Q;A62:A>S;A66:L>F;A67:P>F;A68:K>G;A70:S>A;A72:K>E;A79:L>W;A80:R>H;A83:I>M;A84:A>V;A85:L>F;A86:A>S;A87:A>G;A91:A>S;A94:A>G	OK	54312	0.2676		0		PASS		NOT_USED_HARD_GATE	NOT_USED_AT_SEQUENCE_STAGE_ESMFOLD_APO	/data/bht/project01_phase1_reset_gpu/denovo_scaffold_routeB/serine_hydrolase/manifests/routeB_serhyd_sample2_identity_bins_round02_active_pocket_gate.tsv
serhyd_sample2_id60_round01_017	60	0.595745	38	94	HEAKKVVAWTVTYAALLAVAAATGPTEGAVGEILQDPEVHISQLINGGELWTTTVSAELLVAALKFPAMSTQKVLLVMVREAIVITTGDAAAAA	/data/bht/project01_phase1_reset_gpu/denovo_scaffold_routeB/serine_hydrolase/outputs/esmfold_identity_bins_sample2_round01/serhyd_sample2_id60_round01_017.pdb	routeB_serhyd_sample_2_lmpnn_03	A13 A16 A17 A18 A20 A21 A28 A29 A30 A33 A40 A44 A49 A54 A55 A56 A57	A13 A16 A17 A18 A20 A21 A28 A29 A30 A33 A40 A44 A54 A55 A56 A57	A40 A49 A56	A1:A>H;A4:E>K;A5:E>K;A7:A>V;A9:F>W;A11:A>V;A12:A>T;A14:G>A;A19:A>V;A23:A>T;A24:C>G;A26:G>T;A35:R>Q;A39:A>V;A42:A>S;A43:R>Q;A45:L>I;A46:D>N;A47:A>G;A51:G>W;A52:S>T;A53:G>T;A58:K>E;A61:A>V;A66:L>F;A69:L>M;A72:K>Q;A73:E>K;A74:A>V;A77:A>V;A78:F>M;A79:L>V;A84:A>V;A85:L>I;A86:A>T;A87:A>T;A88:A>G;A89:A>D	OK	55122	0.4448		0		PASS		NOT_USED_HARD_GATE	NOT_USED_AT_SEQUENCE_STAGE_ESMFOLD_APO	/data/bht/project01_phase1_reset_gpu/denovo_scaffold_routeB/serine_hydrolase/manifests/routeB_serhyd_sample2_identity_bins_round01_active_pocket_gate.tsv
serhyd_sample2_id60_round02_028	60	0.595745	38	94	TEVKKAAVLTEVYGTLLAVAAAATSTQGAVGKILRETEAHIVHLMQAGEFGSSTVSAQMLSSALKFFKLEQREAELVFVKEVITLASAAAASAS	/data/bht/project01_phase1_reset_gpu/denovo_scaffold_routeB/serine_hydrolase/outputs/esmfold_identity_bins_sample2_round02/serhyd_sample2_id60_round02_028.pdb	routeB_serhyd_sample_2_lmpnn_03	A13 A16 A17 A18 A20 A21 A28 A29 A30 A33 A40 A44 A49 A54 A55 A56 A57	A13 A16 A17 A18 A20 A21 A28 A29 A30 A33 A40 A44 A54 A55 A56 A57	A40 A49 A56	A1:A>T;A3:A>V;A4:E>K;A5:E>K;A6:V>A;A8:T>V;A9:F>L;A11:A>E;A15:A>T;A19:G>V;A24:C>T;A25:A>S;A26:A>T;A27:E>Q;A32:E>K;A37:P>T;A42:A>V;A43:R>H;A45:L>M;A46:D>Q;A50:L>F;A53:G>S;A58:K>Q;A59:L>M;A62:A>S;A66:L>F;A67:P>F;A70:S>E;A71:T>Q;A72:K>R;A77:A>V;A79:L>V;A80:R>K;A82:A>V;A84:A>T;A87:A>S;A92:A>S;A94:A>S	OK	55446	0.4558		0		PASS		NOT_USED_HARD_GATE	NOT_USED_AT_SEQUENCE_STAGE_ESMFOLD_APO	/data/bht/project01_phase1_reset_gpu/denovo_scaffold_routeB/serine_hydrolase/manifests/routeB_serhyd_sample2_identity_bins_round02_active_pocket_gate.tsv
serhyd_sample2_id60_round01_039	60	0.595745	38	94	ADTKDMAQFGAAYGALLAGAAAATASKGAVQVIMREAKAHITWLLESGEMGSATVSAKYMAAALKLSAIATQEALVAIVREAMAFAAGAWAAAG	/data/bht/project01_phase1_reset_gpu/denovo_scaffold_routeB/serine_hydrolase/outputs/esmfold_identity_bins_sample2_round01/serhyd_sample2_id60_round01_039.pdb	routeB_serhyd_sample_2_lmpnn_03	A13 A16 A17 A18 A20 A21 A28 A29 A30 A33 A40 A44 A49 A54 A55 A56 A57	A13 A16 A17 A18 A20 A21 A28 A29 A30 A33 A40 A44 A54 A55 A56 A57	A40 A49 A56	A2:E>D;A3:A>T;A4:E>K;A5:E>D;A6:V>M;A8:A>Q;A10:T>G;A19:A>G;A24:C>T;A25:P>A;A26:G>S;A27:E>K;A31:G>Q;A32:E>V;A34:L>M;A36:D>E;A37:P>A;A38:E>K;A42:A>T;A43:R>W;A46:D>E;A47:A>S;A50:L>M;A53:G>A;A59:L>Y;A60:L>M;A67:P>S;A69:L>I;A70:S>A;A72:K>Q;A76:L>V;A78:F>I;A79:L>V;A83:I>M;A85:L>F;A88:A>G;A90:A>W;A94:A>G	OK	53016	0.4567		0		PASS		NOT_USED_HARD_GATE	NOT_USED_AT_SEQUENCE_STAGE_ESMFOLD_APO	/data/bht/project01_phase1_reset_gpu/denovo_scaffold_routeB/serine_hydrolase/manifests/routeB_serhyd_sample2_identity_bins_round01_active_pocket_gate.tsv
serhyd_sample2_id60_round02_040	60	0.595745	38	94	AEVEDVTQYVVVYGGLLAGAAAAGGTDGAVGDILRETQVHITQLHNGGEVGSATVSAKILSHAMKFAKLSTKETELTFVQEVIVVVAAASAASA	/data/bht/project01_phase1_reset_gpu/denovo_scaffold_routeB/serine_hydrolase/outputs/esmfold_identity_bins_sample2_round02/serhyd_sample2_id60_round02_040.pdb	routeB_serhyd_sample_2_lmpnn_03	A13 A16 A17 A18 A20 A21 A28 A29 A30 A33 A40 A44 A49 A54 A55 A56 A57	A13 A16 A17 A18 A20 A21 A28 A29 A30 A33 A40 A44 A54 A55 A56 A57	A40 A49 A56	A3:A>V;A5:E>D;A7:A>T;A8:T>Q;A9:F>Y;A10:T>V;A11:A>V;A15:A>G;A24:C>G;A25:A>G;A26:A>T;A27:E>D;A32:E>D;A37:P>T;A38:E>Q;A39:A>V;A42:A>T;A43:R>Q;A45:L>H;A46:D>N;A47:A>G;A50:L>V;A53:G>A;A59:L>I;A62:A>H;A64:L>M;A66:L>F;A67:P>A;A74:A>T;A77:A>T;A79:L>V;A80:R>Q;A82:A>V;A84:A>V;A85:L>V;A86:A>V;A90:A>S;A93:A>S	OK	53907	0.47		0		PASS		NOT_USED_HARD_GATE	NOT_USED_AT_SEQUENCE_STAGE_ESMFOLD_APO	/data/bht/project01_phase1_reset_gpu/denovo_scaffold_routeB/serine_hydrolase/manifests/routeB_serhyd_sample2_identity_bins_round02_active_pocket_gate.tsv
serhyd_sample2_id60_round02_062	60	0.595745	38	94	AEADEMTQYVAVYGVLLAGAAAAGSSEGAVGQILREAEAHMTYLLNSGEMGSATVSAKLLSVAFKFFSLSTEETELAYVHETHGLGTAAGSATG	/data/bht/project01_phase1_reset_gpu/denovo_scaffold_routeB/serine_hydrolase/outputs/esmfold_identity_bins_sample2_round02/serhyd_sample2_id60_round02_062.pdb	routeB_serhyd_sample_2_lmpnn_03	A13 A16 A17 A18 A20 A21 A28 A29 A30 A33 A40 A44 A49 A54 A55 A56 A57	A13 A16 A17 A18 A20 A21 A28 A29 A30 A33 A40 A44 A54 A55 A56 A57	A40 A49 A56	A4:E>D;A6:V>M;A7:A>T;A8:T>Q;A9:F>Y;A10:T>V;A15:A>V;A24:C>G;A25:A>S;A26:A>S;A32:E>Q;A37:P>A;A41:I>M;A42:A>T;A43:R>Y;A46:D>N;A47:A>S;A50:L>M;A53:G>A;A62:A>V;A64:L>F;A66:L>F;A67:P>F;A68:K>S;A72:K>E;A74:A>T;A78:F>Y;A79:L>V;A80:R>H;A82:A>T;A83:I>H;A84:A>G;A86:A>G;A87:A>T;A90:A>G;A91:A>S;A93:A>T;A94:A>G	OK	54231	0.5251		0		PASS		NOT_USED_HARD_GATE	NOT_USED_AT_SEQUENCE_STAGE_ESMFOLD_APO	/data/bht/project01_phase1_reset_gpu/denovo_scaffold_routeB/serine_hydrolase/manifests/routeB_serhyd_sample2_identity_bins_round02_active_pocket_gate.tsv
serhyd_sample2_id60_round02_014	60	0.595745	38	94	HEAQKMSTFAVVYGVLLAVAAAAVKSQGAVGKILQETEVHMVRLIQLGELGSCTVSAKLLSSALKIAVLDQQEAELAFLRESISIASAATAESG	/data/bht/project01_phase1_reset_gpu/denovo_scaffold_routeB/serine_hydrolase/outputs/esmfold_identity_bins_sample2_round02/serhyd_sample2_id60_round02_014.pdb	routeB_serhyd_sample_2_lmpnn_03	A13 A16 A17 A18 A20 A21 A28 A29 A30 A33 A40 A44 A49 A54 A55 A56 A57	A13 A16 A17 A18 A20 A21 A28 A29 A30 A33 A40 A44 A54 A55 A56 A57	A40 A49 A56	A1:A>H;A4:E>Q;A5:E>K;A6:V>M;A7:A>S;A10:T>A;A11:A>V;A15:A>V;A19:G>V;A24:C>V;A25:A>K;A26:A>S;A27:E>Q;A32:E>K;A35:R>Q;A37:P>T;A39:A>V;A41:I>M;A42:A>V;A45:L>I;A46:D>Q;A47:A>L;A53:G>C;A62:A>S;A66:L>I;A67:P>A;A68:K>V;A70:S>D;A71:T>Q;A72:K>Q;A82:A>S;A84:A>S;A85:L>I;A87:A>S;A90:A>T;A92:A>E;A93:A>S;A94:A>G	OK	55122	0.587		0		PASS		NOT_USED_HARD_GATE	NOT_USED_AT_SEQUENCE_STAGE_ESMFOLD_APO	/data/bht/project01_phase1_reset_gpu/denovo_scaffold_routeB/serine_hydrolase/manifests/routeB_serhyd_sample2_identity_bins_round02_active_pocket_gate.tsv
serhyd_sample2_id60_round02_037	60	0.595745	38	94	TEHKELTTLTAVYGALLAVAAAACSTDGAVGKILKESKTHIVHLINAGELGSTTVSAKLLSSAIKISMLAQQEAELTFLQEAITFYVAADAVTT	/data/bht/project01_phase1_reset_gpu/denovo_scaffold_routeB/serine_hydrolase/outputs/esmfold_identity_bins_sample2_round02/serhyd_sample2_id60_round02_037.pdb	routeB_serhyd_sample_2_lmpnn_03	A13 A16 A17 A18 A20 A21 A28 A29 A30 A33 A40 A44 A49 A54 A55 A56 A57	A13 A16 A17 A18 A20 A21 A28 A29 A30 A33 A40 A44 A54 A55 A56 A57	A40 A49 A56	A1:A>T;A3:A>H;A4:E>K;A6:V>L;A7:A>T;A9:F>L;A19:G>V;A25:A>S;A26:A>T;A27:E>D;A32:E>K;A35:R>K;A37:P>S;A38:E>K;A39:A>T;A42:A>V;A43:R>H;A45:L>I;A46:D>N;A53:G>T;A62:A>S;A64:L>I;A66:L>I;A67:P>S;A68:K>M;A70:S>A;A71:T>Q;A72:K>Q;A77:A>T;A80:R>Q;A84:A>T;A85:L>F;A86:A>Y;A87:A>V;A90:A>D;A92:A>V;A93:A>T;A94:A>T	OK	55284	0.6064		0		PASS		NOT_USED_HARD_GATE	NOT_USED_AT_SEQUENCE_STAGE_ESMFOLD_APO	/data/bht/project01_phase1_reset_gpu/denovo_scaffold_routeB/serine_hydrolase/manifests/routeB_serhyd_sample2_identity_bins_round02_active_pocket_gate.tsv
serhyd_sample2_id60_round02_085	60	0.595745	38	94	AETDKMVVFSAVYGGLLAVAAAAGASEGAVGSILQEAEAHFTQLIETGEVGSGTVSAKLLSSAMKISKLSQQEAELSLVQESIASVAAASSASG	/data/bht/project01_phase1_reset_gpu/denovo_scaffold_routeB/serine_hydrolase/outputs/esmfold_identity_bins_sample2_round02/serhyd_sample2_id60_round02_085.pdb	routeB_serhyd_sample_2_lmpnn_03	A13 A16 A17 A18 A20 A21 A28 A29 A30 A33 A40 A44 A49 A54 A55 A56 A57	A13 A16 A17 A18 A20 A21 A28 A29 A30 A33 A40 A44 A54 A55 A56 A57	A40 A49 A56	A3:A>T;A4:E>D;A5:E>K;A6:V>M;A7:A>V;A8:T>V;A10:T>S;A15:A>G;A19:G>V;A24:C>G;A26:A>S;A32:E>S;A35:R>Q;A37:P>A;A41:I>F;A42:A>T;A43:R>Q;A45:L>I;A46:D>E;A47:A>T;A50:L>V;A62:A>S;A64:L>M;A66:L>I;A67:P>S;A71:T>Q;A72:K>Q;A77:A>S;A78:F>L;A79:L>V;A80:R>Q;A82:A>S;A85:L>S;A86:A>V;A90:A>S;A91:A>S;A93:A>S;A94:A>G	OK	52368	0.607		0		PASS		NOT_USED_HARD_GATE	NOT_USED_AT_SEQUENCE_STAGE_ESMFOLD_APO	/data/bht/project01_phase1_reset_gpu/denovo_scaffold_routeB/serine_hydrolase/manifests/routeB_serhyd_sample2_identity_bins_round02_active_pocket_gate.tsv
serhyd_sample2_id60_round02_032	60	0.595745	38	94	VEAKDLTGYGVVYGTLLASAAAATSTQGAVGKILREGRHHMTHLLQTGELGSTTVSARLLSHAMKLAMLSQKEHELAMLREAITLYSAAAAATD	/data/bht/project01_phase1_reset_gpu/denovo_scaffold_routeB/serine_hydrolase/outputs/esmfold_identity_bins_sample2_round02/serhyd_sample2_id60_round02_032.pdb	routeB_serhyd_sample_2_lmpnn_03	A13 A16 A17 A18 A20 A21 A28 A29 A30 A33 A40 A44 A49 A54 A55 A56 A57	A13 A16 A17 A18 A20 A21 A28 A29 A30 A33 A40 A44 A54 A55 A56 A57	A40 A49 A56	A1:A>V;A4:E>K;A5:E>D;A6:V>L;A7:A>T;A8:T>G;A9:F>Y;A10:T>G;A11:A>V;A15:A>T;A19:G>S;A24:C>T;A25:A>S;A26:A>T;A27:E>Q;A32:E>K;A37:P>G;A38:E>R;A39:A>H;A41:I>M;A42:A>T;A43:R>H;A46:D>Q;A47:A>T;A53:G>T;A58:K>R;A62:A>H;A64:L>M;A67:P>A;A68:K>M;A71:T>Q;A74:A>H;A78:F>M;A84:A>T;A86:A>Y;A87:A>S;A93:A>T;A94:A>D	OK	55689	0.6517		0		PASS		NOT_USED_HARD_GATE	NOT_USED_AT_SEQUENCE_STAGE_ESMFOLD_APO	/data/bht/project01_phase1_reset_gpu/denovo_scaffold_routeB/serine_hydrolase/manifests/routeB_serhyd_sample2_identity_bins_round02_active_pocket_gate.tsv
serhyd_sample2_id50_round02_119	50	0.500000	47	94	VDAKQAAVWNAVYKSLLAGAAAEVAAQGAVGKILHQADAHITQLIETGEIWTCTVSAKMFVSAIKLSQLGWREAELTFVRETITFVAGAAAETS	/data/bht/project01_phase1_reset_gpu/denovo_scaffold_routeB/serine_hydrolase/outputs/esmfold_identity_bins_sample2_round02/serhyd_sample2_id50_round02_119.pdb	routeB_serhyd_sample_2_lmpnn_03	A13 A16 A17 A18 A20 A21 A28 A29 A30 A33 A40 A44 A49 A54 A55 A56 A57	A13 A16 A17 A18 A20 A21 A28 A29 A30 A33 A40 A44 A54 A55 A56 A57	A40 A49 A56	A1:A>V;A2:E>D;A4:E>K;A5:E>Q;A6:V>A;A8:T>V;A9:F>W;A10:T>N;A14:G>K;A15:A>S;A23:A>E;A24:C>V;A27:E>Q;A32:E>K;A35:R>H;A36:E>Q;A37:P>A;A38:E>D;A42:A>T;A43:R>Q;A45:L>I;A46:D>E;A47:A>T;A50:L>I;A51:G>W;A52:S>T;A53:G>C;A59:L>M;A60:L>F;A61:S>V;A62:A>S;A64:L>I;A67:P>S;A68:K>Q;A70:S>G;A71:T>W;A72:K>R;A77:A>T;A79:L>V;A82:A>T;A84:A>T;A85:L>F;A86:A>V;A88:A>G;A92:A>E;A93:A>T;A94:A>S	OK	56499	0.4339		0		PASS		NOT_USED_HARD_GATE	NOT_USED_AT_SEQUENCE_STAGE_ESMFOLD_APO	/data/bht/project01_phase1_reset_gpu/denovo_scaffold_routeB/serine_hydrolase/manifests/routeB_serhyd_sample2_identity_bins_round02_active_pocket_gate.tsv
serhyd_sample2_id50_round02_106	50	0.500000	47	94	TDAKEVSNYAATYGTLLAVAAAMTGTDGAVGKILREVEAHISQLFQKGEMGTSTVSAELMVAAIKHSGLQTEEVELVYAKEVIAIVAAASTGST	/data/bht/project01_phase1_reset_gpu/denovo_scaffold_routeB/serine_hydrolase/outputs/esmfold_identity_bins_sample2_round02/serhyd_sample2_id50_round02_106.pdb	routeB_serhyd_sample_2_lmpnn_03	A13 A16 A17 A18 A20 A21 A28 A29 A30 A33 A40 A44 A49 A54 A55 A56 A57	A13 A16 A17 A18 A20 A21 A28 A29 A30 A33 A40 A44 A54 A55 A56 A57	A40 A49 A56	A1:A>T;A2:E>D;A4:E>K;A7:A>S;A8:T>N;A9:F>Y;A10:T>A;A12:V>T;A15:A>T;A19:G>V;A23:A>M;A24:C>T;A25:A>G;A26:A>T;A27:E>D;A32:E>K;A37:P>V;A42:A>S;A43:R>Q;A45:L>F;A46:D>Q;A47:A>K;A50:L>M;A52:S>T;A53:G>S;A58:K>E;A60:L>M;A61:S>V;A64:L>I;A66:L>H;A67:P>S;A68:K>G;A70:S>Q;A72:K>E;A74:A>V;A77:A>V;A78:F>Y;A79:L>A;A80:R>K;A82:A>V;A85:L>I;A86:A>V;A90:A>S;A91:A>T;A92:A>G;A93:A>S;A94:A>T	OK	54636	0.4812		0		PASS		NOT_USED_HARD_GATE	NOT_USED_AT_SEQUENCE_STAGE_ESMFOLD_APO	/data/bht/project01_phase1_reset_gpu/denovo_scaffold_routeB/serine_hydrolase/manifests/routeB_serhyd_sample2_identity_bins_round02_active_pocket_gate.tsv
serhyd_sample2_id50_round02_095	50	0.500000	47	94	TQTQKMAVWNGTYGSLLAGAAATSASQGAVSKILKQANAHITRLFDAGEFWTCTVSAKVLVAAMKIFVLTTEEAELALLREVMSIGTGATGAAS	/data/bht/project01_phase1_reset_gpu/denovo_scaffold_routeB/serine_hydrolase/outputs/esmfold_identity_bins_sample2_round02/serhyd_sample2_id50_round02_095.pdb	routeB_serhyd_sample_2_lmpnn_03	A13 A16 A17 A18 A20 A21 A28 A29 A30 A33 A40 A44 A49 A54 A55 A56 A57	A13 A16 A17 A18 A20 A21 A28 A29 A30 A33 A40 A44 A54 A55 A56 A57	A40 A49 A56	A1:A>T;A2:E>Q;A3:A>T;A4:E>Q;A5:E>K;A6:V>M;A8:T>V;A9:F>W;A10:T>N;A11:A>G;A12:V>T;A15:A>S;A23:A>T;A24:C>S;A26:A>S;A27:E>Q;A31:G>S;A32:E>K;A35:R>K;A36:E>Q;A37:P>A;A38:E>N;A42:A>T;A45:L>F;A50:L>F;A51:G>W;A52:S>T;A53:G>C;A59:L>V;A61:S>V;A64:L>M;A66:L>I;A67:P>F;A68:K>V;A70:S>T;A72:K>E;A78:F>L;A82:A>V;A83:I>M;A84:A>S;A85:L>I;A86:A>G;A87:A>T;A88:A>G;A90:A>T;A91:A>G;A94:A>S	OK	55041	0.4868		0		PASS		NOT_USED_HARD_GATE	NOT_USED_AT_SEQUENCE_STAGE_ESMFOLD_APO	/data/bht/project01_phase1_reset_gpu/denovo_scaffold_routeB/serine_hydrolase/manifests/routeB_serhyd_sample2_identity_bins_round02_active_pocket_gate.tsv
serhyd_sample2_id50_round02_005	50	0.500000	47	94	TDAQELAQLNGTYGALLAVAAAASSADGAVGVILHKLKVHFVRLHEAGEFGSCTVSAQVMVSALKLAMISVEEHEIAFLQESIVFGATATGGAT	/data/bht/project01_phase1_reset_gpu/denovo_scaffold_routeB/serine_hydrolase/outputs/esmfold_identity_bins_sample2_round02/serhyd_sample2_id50_round02_005.pdb	routeB_serhyd_sample_2_lmpnn_03	A13 A16 A17 A18 A20 A21 A28 A29 A30 A33 A40 A44 A49 A54 A55 A56 A57	A13 A16 A17 A18 A20 A21 A28 A29 A30 A33 A40 A44 A54 A55 A56 A57	A40 A49 A56	A1:A>T;A2:E>D;A4:E>Q;A6:V>L;A8:T>Q;A9:F>L;A10:T>N;A11:A>G;A12:V>T;A19:G>V;A24:C>S;A25:A>S;A27:E>D;A32:E>V;A35:R>H;A36:E>K;A37:P>L;A38:E>K;A39:A>V;A41:I>F;A42:A>V;A45:L>H;A46:D>E;A50:L>F;A53:G>C;A58:K>Q;A59:L>V;A60:L>M;A61:S>V;A62:A>S;A67:P>A;A68:K>M;A69:L>I;A71:T>V;A72:K>E;A74:A>H;A76:L>I;A80:R>Q;A82:A>S;A84:A>V;A85:L>F;A86:A>G;A88:A>T;A90:A>T;A91:A>G;A92:A>G;A94:A>T	OK	54393	0.5389		0		PASS		NOT_USED_HARD_GATE	NOT_USED_AT_SEQUENCE_STAGE_ESMFOLD_APO	/data/bht/project01_phase1_reset_gpu/denovo_scaffold_routeB/serine_hydrolase/manifests/routeB_serhyd_sample2_identity_bins_round02_active_pocket_gate.tsv
serhyd_sample2_id50_round02_012	50	0.500000	47	94	TETKDMAQYQAVYKTLLAIAAAAASGEGAVSQILHNPEAHFSWLLQSGELGTATVSARLLVSAVKHSNLDWKEAEIALLQEVMGMVTAAWGAGS	/data/bht/project01_phase1_reset_gpu/denovo_scaffold_routeB/serine_hydrolase/outputs/esmfold_identity_bins_sample2_round02/serhyd_sample2_id50_round02_012.pdb	routeB_serhyd_sample_2_lmpnn_03	A13 A16 A17 A18 A20 A21 A28 A29 A30 A33 A40 A44 A49 A54 A55 A56 A57	A13 A16 A17 A18 A20 A21 A28 A29 A30 A33 A40 A44 A54 A55 A56 A57	A40 A49 A56	A1:A>T;A3:A>T;A4:E>K;A5:E>D;A6:V>M;A8:T>Q;A9:F>Y;A10:T>Q;A14:G>K;A15:A>T;A19:G>I;A24:C>A;A25:A>S;A26:A>G;A31:G>S;A32:E>Q;A35:R>H;A36:E>N;A41:I>F;A42:A>S;A43:R>W;A46:D>Q;A47:A>S;A52:S>T;A53:G>A;A58:K>R;A61:S>V;A62:A>S;A64:L>V;A66:L>H;A67:P>S;A68:K>N;A70:S>D;A71:T>W;A76:L>I;A78:F>L;A80:R>Q;A82:A>V;A83:I>M;A84:A>G;A85:L>M;A86:A>V;A87:A>T;A90:A>W;A91:A>G;A93:A>G;A94:A>S	OK	56256	0.5396		0		PASS		NOT_USED_HARD_GATE	NOT_USED_AT_SEQUENCE_STAGE_ESMFOLD_APO	/data/bht/project01_phase1_reset_gpu/denovo_scaffold_routeB/serine_hydrolase/manifests/routeB_serhyd_sample2_identity_bins_round02_active_pocket_gate.tsv
serhyd_sample2_id50_round02_029	50	0.500000	47	94	MQADEVAVLQATYGTLLAVAAAACKSEGAVSKILRETEVHLGKLIQAGEVWTSTVSAELLVAAMKFVGLDTREVEVAIVREVFSFTVSAAGETT	/data/bht/project01_phase1_reset_gpu/denovo_scaffold_routeB/serine_hydrolase/outputs/esmfold_identity_bins_sample2_round02/serhyd_sample2_id50_round02_029.pdb	routeB_serhyd_sample_2_lmpnn_03	A13 A16 A17 A18 A20 A21 A28 A29 A30 A33 A40 A44 A49 A54 A55 A56 A57	A13 A16 A17 A18 A20 A21 A28 A29 A30 A33 A40 A44 A54 A55 A56 A57	A40 A49 A56	A1:A>M;A2:E>Q;A4:E>D;A8:T>V;A9:F>L;A10:T>Q;A12:V>T;A15:A>T;A19:G>V;A25:A>K;A26:A>S;A31:G>S;A32:E>K;A37:P>T;A39:A>V;A41:I>L;A42:A>G;A43:R>K;A45:L>I;A46:D>Q;A50:L>V;A51:G>W;A52:S>T;A53:G>S;A58:K>E;A61:S>V;A64:L>M;A66:L>F;A67:P>V;A68:K>G;A70:S>D;A72:K>R;A74:A>V;A76:L>V;A78:F>I;A79:L>V;A82:A>V;A83:I>F;A84:A>S;A85:L>F;A86:A>T;A87:A>V;A88:A>S;A91:A>G;A92:A>E;A93:A>T;A94:A>T	OK	55932	0.5764		0		PASS		NOT_USED_HARD_GATE	NOT_USED_AT_SEQUENCE_STAGE_ESMFOLD_APO	/data/bht/project01_phase1_reset_gpu/denovo_scaffold_routeB/serine_hydrolase/manifests/routeB_serhyd_sample2_identity_bins_round02_active_pocket_gate.tsv
serhyd_sample2_id50_round02_113	50	0.500000	47	94	SETEDVAVYAGLYTTLLAVAAAATSTEGAVGDILRETEAHFSHLINSGEIWSATVSAQLMVVAFKIPVLAWREAELTMVKENIAMTTTASAESA	/data/bht/project01_phase1_reset_gpu/denovo_scaffold_routeB/serine_hydrolase/outputs/esmfold_identity_bins_sample2_round02/serhyd_sample2_id50_round02_113.pdb	routeB_serhyd_sample_2_lmpnn_03	A13 A16 A17 A18 A20 A21 A28 A29 A30 A33 A40 A44 A49 A54 A55 A56 A57	A13 A16 A17 A18 A20 A21 A28 A29 A30 A33 A40 A44 A54 A55 A56 A57	A40 A49 A56	A1:A>S;A3:A>T;A5:E>D;A8:T>V;A9:F>Y;A10:T>A;A11:A>G;A12:V>L;A14:G>T;A15:A>T;A19:G>V;A24:C>T;A25:A>S;A26:A>T;A32:E>D;A37:P>T;A41:I>F;A42:A>S;A43:R>H;A45:L>I;A46:D>N;A47:A>S;A50:L>I;A51:G>W;A53:G>A;A58:K>Q;A60:L>M;A61:S>V;A62:A>V;A64:L>F;A66:L>I;A68:K>V;A70:S>A;A71:T>W;A72:K>R;A77:A>T;A78:F>M;A79:L>V;A80:R>K;A82:A>N;A85:L>M;A86:A>T;A87:A>T;A88:A>T;A90:A>S;A92:A>E;A93:A>S	OK	56256	0.6458		0		PASS		NOT_USED_HARD_GATE	NOT_USED_AT_SEQUENCE_STAGE_ESMFOLD_APO	/data/bht/project01_phase1_reset_gpu/denovo_scaffold_routeB/serine_hydrolase/manifests/routeB_serhyd_sample2_identity_bins_round02_active_pocket_gate.tsv
serhyd_sample2_id50_round02_068	50	0.500000	47	94	TQVKDAVTFASTYAALLAVAAAATKTDGAVSQILKESEAHITHLLNYGEIGQATVSAQLMAVALKISGISTREHELVFMRESFVEVAAAAVAST	/data/bht/project01_phase1_reset_gpu/denovo_scaffold_routeB/serine_hydrolase/outputs/esmfold_identity_bins_sample2_round02/serhyd_sample2_id50_round02_068.pdb	routeB_serhyd_sample_2_lmpnn_03	A13 A16 A17 A18 A20 A21 A28 A29 A30 A33 A40 A44 A49 A54 A55 A56 A57	A13 A16 A17 A18 A20 A21 A28 A29 A30 A33 A40 A44 A54 A55 A56 A57	A40 A49 A56	A1:A>T;A2:E>Q;A3:A>V;A4:E>K;A5:E>D;A6:V>A;A7:A>V;A10:T>A;A11:A>S;A12:V>T;A14:G>A;A19:G>V;A24:C>T;A25:A>K;A26:A>T;A27:E>D;A31:G>S;A32:E>Q;A35:R>K;A37:P>S;A42:A>T;A43:R>H;A46:D>N;A47:A>Y;A50:L>I;A52:S>Q;A53:G>A;A58:K>Q;A60:L>M;A61:S>A;A62:A>V;A66:L>I;A67:P>S;A68:K>G;A69:L>I;A72:K>R;A74:A>H;A77:A>V;A79:L>M;A82:A>S;A83:I>F;A84:A>V;A85:L>E;A86:A>V;A91:A>V;A93:A>S;A94:A>T	OK	55527	0.6837		0		PASS		NOT_USED_HARD_GATE	NOT_USED_AT_SEQUENCE_STAGE_ESMFOLD_APO	/data/bht/project01_phase1_reset_gpu/denovo_scaffold_routeB/serine_hydrolase/manifests/routeB_serhyd_sample2_identity_bins_round02_active_pocket_gate.tsv
serhyd_sample2_id50_round02_112	50	0.500000	47	94	ADTQDLVTYQGVYTTLLAVAAAACKSKGAVSKILRQAEAHFSRLIQSGEFGTATVSAKLFVSAIKMPGIDTKEVELSMLRETLTIGTAADATAG	/data/bht/project01_phase1_reset_gpu/denovo_scaffold_routeB/serine_hydrolase/outputs/esmfold_identity_bins_sample2_round02/serhyd_sample2_id50_round02_112.pdb	routeB_serhyd_sample_2_lmpnn_03	A13 A16 A17 A18 A20 A21 A28 A29 A30 A33 A40 A44 A49 A54 A55 A56 A57	A13 A16 A17 A18 A20 A21 A28 A29 A30 A33 A40 A44 A54 A55 A56 A57	A40 A49 A56	A2:E>D;A3:A>T;A4:E>Q;A5:E>D;A6:V>L;A7:A>V;A9:F>Y;A10:T>Q;A11:A>G;A14:G>T;A15:A>T;A19:G>V;A25:A>K;A26:A>S;A27:E>K;A31:G>S;A32:E>K;A36:E>Q;A37:P>A;A41:I>F;A42:A>S;A45:L>I;A46:D>Q;A47:A>S;A50:L>F;A52:S>T;A53:G>A;A60:L>F;A61:S>V;A62:A>S;A64:L>I;A66:L>M;A68:K>G;A69:L>I;A70:S>D;A74:A>V;A77:A>S;A78:F>M;A82:A>T;A83:I>L;A84:A>T;A85:L>I;A86:A>G;A87:A>T;A90:A>D;A92:A>T;A94:A>G	OK	55446	0.6857		0		PASS		NOT_USED_HARD_GATE	NOT_USED_AT_SEQUENCE_STAGE_ESMFOLD_APO	/data/bht/project01_phase1_reset_gpu/denovo_scaffold_routeB/serine_hydrolase/manifests/routeB_serhyd_sample2_identity_bins_round02_active_pocket_gate.tsv
serhyd_sample2_id50_round02_072	50	0.500000	47	94	AEVEQLAVFAGVYDTLLASAAAGTGTKGAVGKILKEAKVHITWLLNAGEFTTGTVSAKIFSSAMKISNLSSEEAEVAFVQEGMGFVAAASSSST	/data/bht/project01_phase1_reset_gpu/denovo_scaffold_routeB/serine_hydrolase/outputs/esmfold_identity_bins_sample2_round02/serhyd_sample2_id50_round02_072.pdb	routeB_serhyd_sample_2_lmpnn_03	A13 A16 A17 A18 A20 A21 A28 A29 A30 A33 A40 A44 A49 A54 A55 A56 A57	A13 A16 A17 A18 A20 A21 A28 A29 A30 A33 A40 A44 A54 A55 A56 A57	A40 A49 A56	A3:A>V;A5:E>Q;A6:V>L;A8:T>V;A10:T>A;A11:A>G;A14:G>D;A15:A>T;A19:G>S;A23:A>G;A24:C>T;A25:A>G;A26:A>T;A27:E>K;A32:E>K;A35:R>K;A37:P>A;A38:E>K;A39:A>V;A42:A>T;A43:R>W;A46:D>N;A50:L>F;A51:G>T;A52:S>T;A59:L>I;A60:L>F;A62:A>S;A64:L>M;A66:L>I;A67:P>S;A68:K>N;A71:T>S;A72:K>E;A76:L>V;A79:L>V;A80:R>Q;A82:A>G;A83:I>M;A84:A>G;A85:L>F;A86:A>V;A90:A>S;A91:A>S;A92:A>S;A93:A>S;A94:A>T	OK	54231	0.7155		0		PASS		NOT_USED_HARD_GATE	NOT_USED_AT_SEQUENCE_STAGE_ESMFOLD_APO	/data/bht/project01_phase1_reset_gpu/denovo_scaffold_routeB/serine_hydrolase/manifests/routeB_serhyd_sample2_identity_bins_round02_active_pocket_gate.tsv
